variant	score
D13G,G44V	-0.7484872179587556
M45L,P47A	-0.40823845813209414
F23Y,P47R	-0.5600693260920713
T0K,N49S	-0.08925581399357874
L16Q,R20Q	-0.7134405128614191
V51I,P53H	-0.0924768712583843
H25L,R48C	0.06670292636212934
D13N,G17D	-0.2534530980002556
Y1H,F8S	-0.7142399501415959
F8L,G44S	-1.0725982243168803
S30A,K36E	-0.025048500688138863
F8V,G44D	-1.0868202641966214
T0A,N29I	-0.2107064252996881
D28E,K36N	-0.13216981171866732
V2I,D9V	-0.42708848315093023
M27K,A38D	-0.11525695987490746
M27L,N29I	-0.1538498583297277
Y1H,N29I	-0.19839628957989677
G14E,N33S	-0.42692768078324694
Q11R,E12K	-0.7583287436026548
G17S,P32T	-0.18733701003849493
V26L,Y50F	-0.21501317080059376
W35C,G41E	-0.54426950476123
S30V,N49K	-0.4589549828943293
T43P,G44D	-0.8800741980104257
D9E,K36I	0.12515501126745676
D22G,F46I	-0.8161555933366234
R20L,V51I	-0.2704608759120535
D28G,N29I	-0.5479468011356252
F23Y,H40N	-0.0009755858673359992
D9V,D28V	-0.3573366896294321
K36E,Y50F	-0.026602465005060513
I24F,G41R	-0.7282428365941189
Q3R,W34C	-0.6599450908635893
G17C,N49E	-0.16700225350676473
L5P,T43I	-0.717584411825888
Y1F,R20Q	-0.00930165212324461
W34R,V51A	-0.764899340290213
E12K,W35G	-0.911120501760372
Q3P,D7V	-0.795644454595035
Y1S,Q11P	-0.6277727458912019
F6Y,N49S	-0.051685611743182924
G17D,I24N	-0.7758538699907214
A4V,E15K	-0.9959350714153138
Y1F,M27T	0.0300720515979207
T0R,T43I	-0.14358301633489573
H40N,N55T	0.008726347264299411
D22G,C39R	-0.6472612288430382
Y1C,Q3H	-0.18732803775351198
V2G,G21E	-0.7012484434522633
F18L,V51A	-0.3588621871184682
K36T,H40L	0.05477030122600559
D13Y,N29I	-0.3195364605251851
A4G,D22N	-0.45524402005915493
G21R,M45K	-0.7731431177020898
A4D,G41W	-0.7747298900137459
N33Y,P53Q	-0.13319823864373614
D9E,K36T	0.21452345483932928
F6S,E12D	-0.780959988930481
A38V,N55K	-0.07372570136622945
T0N,E15D	-0.6422802900778573
D13E,D28N	-0.1807323377044522
D9V,W34C	-0.6829120913229396
H25Q,D28E	-0.11431980503233355
N33K,F46Y	-0.7956940508747753
V26D,R48P	-0.9540633766820095
V2F,R48S	0.04144822949542472
R20Q,F46V	-0.4861078494878097
Q11L,P32H	-0.09288959678652908
T0K,T43S	-0.0466687751084269
H40N,T43I	0.014349984181960004
N29S,K36E	0.10129638996121423
R19G,H40R	-0.22748141567197755
H25Q,K36T	0.17072534055553656
P10H,M45L	-0.2258656741567927
Q11K,A38G	-0.10380734041407405
Y1S,N33H	-0.07050838079289957
G17C,C39Y	-0.3607786155577062
T0K,Q11L	0.0016519826546144284
Q3L,Q11P	-0.6742447951654278
G37V,H40D	-0.6046881922242011
D31V,P47L	-0.8620244558815641
D7N,P47R	-0.5570392813495547
D28V,C39R	-0.4981103579084828
F8S,F23Y	-0.718922098132995
W34L,G37E	-0.855367476059435
T0P,R19S	-0.023146889664165123
Q11H,P47S	-0.664955663748774
G14E,V54A	-0.28251464389886866
W34R,F46I	-0.897416793432811
Q11K,T52S	-0.08736946510439927
K36E,P53L	0.09675469542935905
D28G,H40Y	-0.48156970320263776
G21V,P47H	-0.7872048918034105
D13G,P32L	-0.25860018414133695
G17D,D28E	-0.25231142828339387
D22E,K36T	0.09458638766346897
D7G,D22V	-0.6938819196085958
G14V,V54T	-0.5192785725464156
F46I,P47H	-0.8128423629489601
N49I,P53L	-0.3617621776546679
H25N,N55Y	-0.09145316962376053
R19H,N29A	-0.07632005072043248
D28Y,M45T	-0.5235498613204527
R19S,N55K	-0.03344235295130762
E12D,T52N	-0.31475108863616846
R19H,D22Y	-0.39456940295763654
R19H,C39R	-0.11859655272389075
R19P,Q42H	-0.6353392068812376
V51F,T52S	-0.5935096721457999
R20W,P53T	-0.3474273373792456
Y1K,Q11H	-0.21375466517151023
K36R,Y50H	-0.03848243369755247
P53S,N55S	-0.09741592403366148
P47L,N55D	-0.5513940605118959
E15K,G21E	-0.7884291906896632
T0S,P10H	-0.32731507926092995
Q11E,N29I	-0.16032404546386497
V2A,G41V	-0.546798627842391
Q11K,R48C	-0.01853997558014757
F8Y,F23V	-0.6245558269444047
F8S,G14R	-0.9697921766483186
D7V,N55K	-0.6205189897064567
T0G,F23I	-0.08009445178620467
D7C,H40N	-0.2539614676200776
H25L,T52P	-0.588852851947613
D13H,T43N	-0.1995276255374965
F23I,H25Y	0.01774857852535524
I24M,M45T	-0.6298078352262294
F23L,G44V	-0.6154815457354418
R20Q,D31G	-0.5902385443262227
D22V,W35S	-0.8019766234151863
R20P	-0.49268752690353196
L16M,Q42P	-0.7840195382673594
A38N	-0.006313385733062617
E15V,N33I	-0.8507256075820896
S30E,N33S	-0.300855624262321
D13N,T52S	-0.11459800733374899
Q3P,P10R	-0.7543517669862414
G17F,N33K	-0.5937916312432854
D9E,F23C	-0.03948906290937686
M27V,G41R	-0.2063586868469684
H40L,P53T	-0.16007520849352103
G37V,H40Y	-0.6330630404769535
V51D,V54E	-0.7745381903475489
D9G,F23L	-0.1829993874061514
M27T,G44C	-0.6704279839886589
D9E,G41E	-0.05519873644341361
T0R,H40Y	-0.19936636855260523
M27K,W34R	-0.6916913441960347
V51I,N55I	-0.18373325388786663
A38V,G41R	-0.2850962614498369
P10H,N55S	-0.38447976481624746
I24V,Q42R	-0.15933899654575379
G21E,P32S	-0.4149919150601407
R19G,C39I	-0.21289304022068603
W34L,A38D	-0.653121488285501
V2F,P32L	-0.1342244217191807
P32T,K36E	-0.02634610022841148
F8I,N29D	-0.7884880587707666
F6S,D22N	-0.7330598003587756
D13E,K36R	-0.025473747298153614
L5I,Y50H	-0.04047432463228187
I24N,N55Y	-0.7702998544543731
R20Q,G44V	-0.599355151201969
G14V,N49Y	-0.7395856518894254
K36E,Y50H	0.07718380755310567
R20W,Q42R	-0.3216415764892857
D22E,D28V	-0.45735842200825105
G17A,C39Y	-0.31883214689310146
Q3R,P10L	-0.4194885277607057
I24F,F46I	-0.7962930447172528
L5F,N55D	-0.34080581130794446
R19H,K36E	0.09395442015424076
V2A,F6Y	-0.06962890007260095
Q3Y,Q42R	-0.12590041661686843
I24N,G41V	-0.9248303685672123
F23L,K36T	0.16921851832859713
M27I,R48H	-0.10220421301279395
D28H,D31G	-0.7286813246198964
E15G,V54L	-0.7022547777577289
D9V,N49S	-0.05455946986331927
C39G,M45I	-0.43777360604650956
F23L,N49D	-0.026552198613189092
P10H,K36Q	-0.3109122805145996
F6Y,N33Y	-0.1424534425124685
N29I,C39Y	-0.4320751676728039
D28N,Y50N	-0.8179174846870753
H25D,P32L	-0.1207786948539894
F6Y,F23Y	-0.0194948081901603
Y1H,M45K	-0.638878530848556
D9V,F23C	-0.0947138115152274
Q11P,H25Q	-0.6188837391418035
P10L,I24M	-0.8167080476523108
W35S,N49Y	-0.7253183536726318
D28A,N55I	-0.4511880743434903
E12D,R20G	-0.41669946333768515
N29Y,M45V	-0.16207802822915096
S30L,G41W	-0.5141487152455686
D9V,R19C	-0.0685210967398727
D7N,F8V	-0.7501505444656886
D22E,F23C	-0.15756233169833267
G17C,A38T	-0.14948957781554187
A38E	0.017454921668182345
F23I,G37E	-0.6376998898166697
R19L,D28G	-0.465216110350392
F23N	-0.04473273297952847
F6I,W35L	-0.8812387593056364
E15G,P47H	-0.9001692532702552
W35C,F46Y	-0.7215506662541509
D22V,M45I	-0.5100255908752996
F8I,E15V	-1.0232941349348375
Q11L,V26I	-0.03208713003696191
D28N,G41A	-0.4009880386911006
P32T,N33Y	-0.22491219150615327
R20W,Y50N	-0.826321669363695
W35L,A38T	-0.3164639305115509
F8I,K36Q	-0.7738995990633223
F23I,N33K	-0.5290625764547524
E12K,F23L	-0.5727963107240673
F8L,V26L	-0.7110970921362305
N33S,P47N	-0.7719816673099805
A4V,N55S	-0.7340721170386442
D7N,L16M	-0.36201262638788856
E15V,F23Y	-0.7321542980148054
L5F,K36E	-0.26718917483557686
D22H,N55I	-0.4764031675457039
D7E,G17C	-0.3066943044966819
L5F,D7N	-0.4683562970186287
P10R,D13N	-0.3783062437198776
F23V,P32N	-0.13556141362145796
F18S,N49D	-0.7296376389827285
G14V,N55I	-0.6007081982577149
G14V,P32T	-0.6835723732466646
N29S,C39R	-0.12574411876581904
D13Y,V26D	-0.8295912958250914
K36E,V54L	0.08842148450478356
K36N,Q42R	-0.08234344182493497
G14V,P53T	-0.6180898975398466
Q42R,F46V	-0.4728234451450163
F8S,P10R	-0.8914891502803935
G17S,D22G	-0.6197540057819059
V2G,S30T	-0.4597138283710059
G21E,F46S	-0.8387123201837883
D13V,M45V	-0.21666317124476542
I24L,P47H	-0.7746931024998414
E12V,F23L	-0.4328943409786325
L16P,G37V	-0.7717221399189186
G17C,G44D	-0.784317155110482
Y1H,T52P	-0.654045079604822
V26I,K36R	-0.08834765301137255
F23I,C39H	-0.008053572204946412
M27V,C39Y	-0.22363523729452253
D7H,P47S	-0.6317454097159081
I24N,H25R	-0.7125260377318741
P32A,Y50C	-0.6369182258853775
D28N,D31V	-0.7703902266057648
F8S,R48C	-0.6658021943839227
V2D,W35L	-0.9082131284189724
F8V,R20L	-0.8276130935184305
P10T,F23I	-0.18203787781812322
G17C,M27K	-0.19378997667097267
R20Q,P53L	-0.01987030654376528
F18S,P47S	-0.8332676971680479
W34R,Y50C	-0.974546907682016
M27K,G44S	-0.7008300140791061
P10T,Y50C	-0.7387650810578676
N49D,Y50F	-0.19733515237994828
D7E,F8L	-0.7619583985882948
P10H,N55K	-0.33015427033555117
D7E,P10A	-0.261945790630109
D13G,C39R	-0.2657120576030312
P32A,H40R	-0.1119165767197165
H40R,T52N	-0.20046525100899448
C39R,P47S	-0.5568328836464902
H40L,N55T	-0.11844827864875196
F8S,Y50H	-0.6583836615696135
L5I,F46L	-0.4606442029433694
F8I,F18I	-0.9345990236968826
A38P,G41V	-0.8418945260315632
E12K,A38T	-0.6190609109270211
L5I,N55I	-0.15037745884931006
G17C,S30P	-0.6695339459428443
D7G,F46S	-0.7958752597051457
D13E,C39W	-0.4696997468459843
W34R,V51I	-0.7187850099185059
K36E,C39Y	-0.11740315372807927
T0I,E15V	-0.6950543426392791
Q3L,D31Y	-0.6590796339605965
N29S,T43S	-0.02492746992357452
D7H,W35M	-0.4558034310994302
E15D,V54E	-0.579488594388395
R19L,D28N	-0.25270813080023014
G17C,D31T	-0.6595533194589809
E12V,R48P	-0.732587775355186
S30L,D31Y	-0.6599503618479012
G21V,M27V	-0.5614526993024846
E15G,H40Y	-0.759312889429053
G21A,F23Y	-0.2268453817764951
G37R,T52I	-0.7838708697869714
H40D,R48L	-0.16105351635074164
E15A,H25Q	-0.6879094266269952
P10H,R20W	-0.6079411971629968
D7E,G14E	-0.3674136692113032
W34R,R48C	-0.6612613029908497
R19L,D22E	-0.17302990094056858
D22G,V26D	-0.9269934060577122
F23L,T43P	-0.40761107565758536
D31V,Q42L	-0.7270885242595861
R19S,N33I	-0.3063606580784697
S30L,N33K	-0.6109198570973756
F8I,G44C	-1.0639503461547033
F23S,R48S	0.009825858433154085
Y1H,P32T	-0.13979379443990383
I24T,R48C	-0.6266073806946939
Y1C,F46S	-0.683547102194082
R19L,N33Y	-0.22824351028526396
F23S,M27K	-0.17807114807276248
F46L,R48S	-0.24789835915903047
C39R,T43A	-0.21368585089441755
Y50K	-0.628030730026811
L5P,G17S	-0.6943317871667123
H40R,Q42L	-0.13541113292553114
D9N,F23I	-0.021037965654614063
S30T,V54A	-0.17803848166329125
F8I,G41E	-0.7923840974761165
I24V,D28V	-0.5349535216353332
Q3L,R19H	-0.15474357790722998
T0I,Y50L	-0.3455834032492459
D28N,R48S	-0.05559416400480416
M27L,N33S	-0.27467919771855104
F18S,R48C	-0.6654974264754978
F8S,L16P	-0.9684937674749537
Q3R,G41L	-0.09363960205059095
M27T,D28N	-0.1415433619114958
D28G,V54L	-0.4063037789124729
V2I,M27I	-0.40273216385888927
A4G,F23I	-0.2312977528118664
P10S,M45K	-0.7747923220726428
D13E,L16M	-0.2807816947549991
G37V	-0.6907899930406022
D9Y,N29I	-0.24871632688407183
E12K,I24F	-0.9215035739394709
I24N,F46I	-0.9203568968374509
L16M,M45I	-0.30765898710156464
R19H,K36I	0.06877241422537254
Q11H,T43A	-0.26750202085341007
G14A,D22E	-0.4035445388608969
L16M,I24F	-0.7428416148930173
T0I,Y1N	-0.09831598570737943
G44D,Y50N	-1.0640324429744465
D7N,G44S	-0.7141922061842375
A38D,N55Y	-0.05106998556077419
Y1F,V2A	-0.06162851266181241
Q3M,F46C	-0.8091777159816668
Q3L,D31V	-0.768130904999247
L16M,C39Y	-0.4955558043831134
P32H,N55I	-0.188725172577815
F8I,F18S	-1.0125773115356655
N33K,G41E	-0.5823254003511733
T43I,P53S	-0.06688066357904945
S30L,G44C	-0.7935936491803056
Q3H,R48L	-0.2537627923862161
P10H,F23I	-0.2821219987963548
Q11R,E15K	-0.8353075012346163
D7E,G41D	-0.2635039730347852
K36E,P47R	-0.47253117017626345
F18S,A38G	-0.5893964670406019
G14A,P32L	-0.41674502680175995
G21R,N29S	-0.320452988167644
D7H,D22E	-0.3183992171836096
D13E,H40N	0.008871664518600282
G21E,H25Y	-0.30674738026100157
F8Y,P53H	-0.6568399483133752
P53T,N55K	-0.06116282256106895
T43I,N49D	-0.056367447748870175
A4D,D22G	-0.8559749372510116
G21E,Q42H	-0.35189286259153624
W34L,Q42H	-0.6273642944085946
C39F,N55S	-0.23878181049351233
L5F,F46Y	-0.7503849705074261
A4T,F18Y	-0.8904664453598559
H25P,W34L	-0.935832204574576
T0V	0.03813611474509927
F6Y,P47R	-0.5815545346417124
F8L,W34L	-1.0047221431126436
L5I,G44D	-0.7882920583607671
H40R,M45T	-0.2103567177784736
I24F,N33D	-0.5449000688555066
D13V,P32T	-0.2604713599219375
R19L,S30P	-0.6730655623682879
Q3K,N29Y	-0.17466860624467173
Q3H,K36N	-0.19394769238420123
Q3L,P47T	-0.6573232271088435
Q3M,S30A	-0.22059577249691886
M27L,V54S	-0.0330095942134714
G41W,M45L	-0.21290932825176634
R19S,V26G	-0.6900347379428364
F23V,S30L	-0.2209659754174919
R20P,V26D	-0.9708884135555712
Q3L,Y50N	-0.846880639591802
Q3K,E12D	-0.28740493147099677
A4D,M45I	-0.7011220278310759
G17C,A38V	-0.16908673475386138
Y1F,R19H	-0.01438523491619316
Q11H,H25L	-0.17895090623344106
H25L,P53H	-0.012031451332364121
Q11R,R48S	-0.06884105728972328
I24F,M45T	-0.6257095147926434
F23I,P32S	-0.0405759755936447
T0I,P47L	-0.5426739140094955
I24F	-0.6496864443565669
D22N,G37A	-0.6078991823362911
W34L,M45V	-0.6941518101338613
F23C,M45V	-0.15830015647181417
R20G,N55K	-0.24078188341711998
D7Y,V54M	-0.4599400104349415
R48C,T52S	0.01331475018035062
R20W,N29I	-0.4558142684514376
Q42L,T43S	-0.04682205140226157
D9E,F46Y	-0.38323458768417556
Q11K,I24M	-0.6239659953862908
V2D,A38V	-0.79878943836159
D22G,F46Y	-0.8541094340810204
G21E,M27L	-0.2652817999513932
F18L,N29I	-0.371793371160849
P10L,V26I	-0.5262860451467524
D13V,T52S	-0.15992930507400313
W35C,H40Y	-0.5278812525591295
E15V,T52A	-0.7183971339252263
C39F,Y50F	-0.3101501424959511
L5H,M27K	-0.45463333282959084
E15D,K36R	-0.6513396764232697
Q42R,N55S	-0.10232207181037982
F8L,P10L	-0.8775551176521078
E12A,G21R	-0.5924326481007922
F6L,V54L	-0.6688985444410174
W35L,K36Y	-0.29454691699569624
D22E,H25N	-0.1096214684208568
G17C,V54E	-0.18252263571787763
F23I,P32I	-0.047038534993937064
F8L,R20W	-0.8226403318822367
D7Y,H25L	-0.34924509371470897
M27T,W35L	-0.2527948379764394
E12V,N29I	-0.5947051307987382
F23S,G41R	-0.30253263583748996
M45L,V54E	-0.023916635009743382
F23Y,W34L	-0.6734653708844529
D7Y,P53S	-0.4754146959900802
D7G,Q11H	-0.48866312414017093
D13H,F23Y	-0.12290215066878354
Q3L,T43N	-0.1984960759835127
D9A,R19C	-0.11189814190428646
M27L,K36R	-0.00032236021412650195
V26I,T52A	-0.04205006068722658
F6C,M27T	-0.47554099388422455
A4S,F46I	-0.571146731049108
Q42K,Y50N	-0.8138510536315307
A38D,T52N	-0.12720075498416122
Y1C,D13V	-0.1540846002402642
N33Y,C39S	-0.2337445307792484
T0A,N55Y	-0.06761994828659017
G14D,N29D	0.053874794405124805
A38D,P53L	-0.03847277512884657
D28G,Y50N	-0.8884051133462051
M45T,F46S	-0.680826509875482
Q11W,H40L	-0.40300965402996153
D28Y,A38P	-0.7567801209295406
D28E,N29S	-0.12286184222356639
L16Q,D31N	-0.7724894048562381
F8S,A38V	-0.7885414157177572
H40Y,M45N	-0.24011291310962216
D7G,G14V	-0.6997542598303133
D13H,Q42L	-0.16401451606777412
G41W,M45I	-0.3488820048363398
V2D,I24F	-0.993087536831924
K36I,F46L	-0.2785108420277619
D7A,G17D	-0.42135413560939766
F18I,P53Q	-0.3367105557565888
R19P,N33D	-0.6288751430466282
P10R,N49I	-0.5582785792876219
E15K,H25L	-0.6641662772997299
F8S,D13N	-0.7913839941451848
D7H,H25Q	-0.25208716597546266
G44A,M45I	-0.631259882119755
N49Y,N55S	-0.40658493875044616
F18I,R48C	-0.28671495922019197
F6C,T52S	-0.5224169999414101
Q3K,L16P	-0.7361515914919278
G41V,N49Y	-0.7769775074918395
D9E,Y50N	-0.7125319070299041
D7N,R20L	-0.2097597454322711
F6N,D9G	-0.5616085559678871
Q11L,Q42L	-0.00769110042990496
D9V,K36D	-0.03496979942609034
D13Y,H25Y	-0.1445256813705521
V26I,R48P	-0.4507308742665558
Q11R,G14V	-0.7440904633860623
F6L,D13Y	-0.7331704727634871
A38T,N55I	-0.11723828647800819
P10L,Q42K	-0.49877365688543635
E15V,F18I	-0.8960833930192715
T43G	-0.35400810761019946
E15Q,R19H	-0.4343362289529665
D22Y,N55K	-0.37338756809777723
T0R,M27I	-0.13094886091312824
M45L,R48P	-0.3263013724010321
D28Y,Q42R	-0.4650073795107001
Q3W,S30T	-0.20386509560978694
D9E,D13V	-0.08706364438066355
Y1C,G17V	-0.19487140465424974
E12D,V54A	-0.3229164509369924
G14E,H40Y	-0.25255778962581377
V2F,E15V	-0.715759546052084
V2D,M27K	-0.7882438677617805
A4S,D22Y	-0.5508250669073405
D28V,T43I	-0.3898091215230535
H25R,Q42H	-0.03755690421233587
I24T,R48P	-0.9158644477718734
G44C,M45L	-0.6023293674695366
A38T,V54E	-0.10429017854759731
D13E,W35C	-0.4149037032650004
V2D,Q11R	-0.9002565524153745
D9E,F23I	0.06826853983557424
D13Y,V54A	-0.2917166729319247
S30T,V54M	-0.06281166410634587
L16V,R19P	-0.748103095099261
Y1C,R19S	-0.022309242020099096
G17C,D28V	-0.5092692845964047
P47S,T52I	-0.6147529037244219
H25Y,V51I	-0.12417501442331184
L16Q,I24M	-0.9991045084756826
Q11H,R20W	-0.4722266343383591
R20Q,K36R	-0.01987063777460588
D22N,N49I	-0.516361923725129
Q3H,L16M	-0.4072943035833788
Q3H,F46C	-0.8255011707582092
L16Q,M45T	-0.7234812664084366
F23L,R48L	-0.07299724707940079
F8V,V26A	-1.0146742698295705
H25Y,P53T	-0.03767066222560762
Q11K,H40R	-0.15986473563272652
F18L,V26I	-0.22988359507696293
Q11K,D28K	-0.4314170559687405
F23C,G44C	-0.7604311112452464
K36I,A38S	0.07680051982827768
Q42R,P47L	-0.5565858710973967
V2D,P53H	-0.7253507880818444
F23C,N55T	-0.09816644237679903
H25Y,H40R	-0.07147762368453416
L5Q,V26I	-0.14031742568574512
Y1N,G17S	-0.13357094509246797
G14W	-0.2908569258624255
H40P,G41R	-0.634766882445094
F8Y,G44S	-1.1158778987677318
H25K,M27L	0.021883089180147884
F18I,C39S	-0.46651225287845904
E12K,H25R	-0.5781027049529354
Y1Q,V54L	-0.06168558320901468
F8I,F46C	-1.0598068860026504
D7G,W34R	-0.8033178583372736
L5H,Y50F	-0.4997225189353895
D28E,Q42K	-0.19013315551795656
F8I,M45L	-0.6729520148192933
Y1D,D9V	-0.21846878711719436
L16V,V54M	-0.28148742820270056
F18S,H25R	-0.6785269436549262
T0I,N33Y	-0.13591773026451337
T43S,R48L	-0.0977765638106521
A4V,V54M	-0.6763019306196556
F23C,R48H	-0.1839545637442745
E12V,H40L	-0.524171694479384
G41V,N49L	-0.6480250820727055
F23S,C39S	-0.2112189642031143
D13G,N49K	-0.4777394683817226
D13V,R19C	-0.1934125626682753
G17D,D31N	-0.3132809572601709
F46S,N55S	-0.7618781413091942
D7Y,F18S	-0.8583179494071392
T0K,N29K	-0.09973512358659417
F6Y,C39H	-0.0308401183525282
A38G,H40L	-0.12457490533234106
D22V,A38P	-0.8060073784920644
G41R,F46L	-0.6022088641964913
E12G,M45I	-0.5153059397889452
M27T,Y50H	0.027293577608711865
F6L,N55T	-0.664011221558533
F8Y,W35C	-0.8811328197456134
Q3K,N55K	-0.06500480541953291
D13V,G17S	-0.18924701858444448
P32D	-0.048963108329800734
R20Q,D22G	-0.6084537936783943
Q3H,G17V	-0.310743341037793
V2D,G41E	-0.7994905595739719
D9E,D31N	-0.11293426798794362
Q3R,N55K	-0.02877109177080995
A4S,E12K	-0.7793621165719594
V2I,A4S	-0.6302060505565452
V26D,N29T	-0.764297792343707
D9A,N49I	-0.3740642226343099
T0A,T43N	-0.10070433031317995
Q3M,L16Q	-0.8000663042058307
S30L,V51A	-0.4404102930879643
H25L,V51A	-0.12210956203377998
V2I,W34V	-0.8361330556984823
P10L,N55K	-0.45841381603848336
F46Y,T52A	-0.458318798879763
D7N,D28V	-0.45509067597996244
R20W,N29D	-0.2803503606822495
T43S	-0.03951949170542324
M27L,G41E	-0.0845446207493463
E12G,F46I	-0.7196996700990737
D28Y,N33D	-0.4079762411013757
A4S,V26I	-0.27657328538439074
V54A,N55T	-0.13598460029645115
T0S,C39R	-0.12833693332057888
Q3K,G14R	-0.5354965496669694
D9N,D13V	-0.1768812792322181
G17S,P47Q	-0.2914743719775936
D13Y,P53S	-0.17968077052459408
H40R,T52A	-0.08421024674418456
Q42H,M45T	-0.11388724529488559
D31N,T43N	-0.21970301422252997
T0S,A38G	-0.03050242297024718
Q3K,R19H	-0.05966860123535933
R20W,R48C	-0.31062964481756306
N29S,H40N	0.011265273730236745
I24T,G41E	-0.7462208598187718
H25Q,S30L	-0.17357232843611725
T0A,M45V	-0.07330659682937363
H25Y,V51D	-0.8127221225580198
V26I,W35G	-0.6434245773415628
G41V,N49I	-0.7850916341283746
E12D,N49Y	-0.5145500036213158
D13H,M45L	-0.06395205842623776
I24N,T52A	-0.7398870400886872
F18Y,N33K	-0.9061135193989754
P47L,T52A	-0.5228330776481911
D7V,K36I	-0.5332389034907794
T0P,T52I	-0.14550890235314698
R20P,P47L	-0.8201202242308916
F8S,R19C	-0.7532370088441338
F8S,L16R	-0.9364363525203843
I24T	-0.7884528103742302
P32S,N33Y	-0.16150459639642367
Q3K,G44A	-0.6411126681892385
R20Q,W34C	-0.6541953055469782
E12K,D22V	-0.8637188556271204
H25N,N33Y	-0.18330099208696754
N33S,K36N	-0.2986598142919364
F23S,N49S	-0.14842458393780555
P10H,V54E	-0.3337141120684514
A38T,V51A	-0.2022034110807187
A4T,F46L	-0.730318383930605
D31V,Y50F	-0.7890944084263545
H25L,H40I	-0.1461712573883033
I24M,K36I	-0.4519060672888915
V26L,F46I	-0.4715645902907114
H25Q,N49K	-0.32586658314135525
E12G,M27T	-0.4016798521630949
A4V,F8I	-1.0519732443742047
G21E,A38G	-0.3258552210596746
F18Y,P47H	-0.9232701602031912
H40Q,R48L	-0.15555406375956507
F8S,S30A	-0.783315395542034
E12K,D13E	-0.5937467835740796
Y1F,M45L	0.062408915651187793
H40R,Y50H	-0.10636811747094775
Q3P,F23L	-0.5481993408359276
W35L,H40R	-0.3704583088570458
A38V,G44C	-0.7566766177815227
Y1H,M45I	-0.09093979826399813
G17C,K36I	-0.020755255107577503
F6Y,D7N	-0.08068352054248211
T0S,F8I	-0.7621070998907986
I24V,P53S	-0.13879294643961287
D7V,M27R	-0.7236059139923074
I24T,H40Y	-0.7652465835412103
C39R,P47H	-0.6329092440489421
T0R,Q3L	-0.22496495525408067
M27V,N33K	-0.5503477800575892
W35R,P53T	-0.7598676838931465
A4S,W34L	-0.7742107098637766
T0S,V2L	-0.39226416637447387
M27N,M45L	0.01965360008583191
D9E,Q11R	-0.14684712619740029
Y1I,D7E	-0.13760299606091542
Q11K,F18L	-0.27358657249033314
Q3K,G37R	-0.7236963245484974
G14V,P32H	-0.5794354929633069
D13N,F46S	-0.7555538547662249
R19C,F46S	-0.7132462794382501
L5F,R19G	-0.5483588778493251
S30Q,P53T	-0.14794133814523378
F8L,Q42K	-0.7207174280791733
F6I,P53T	-0.7666703593775499
G14E,P53L	-0.17137129070218038
F6L,G41V	-0.9419454648131668
D13G,P47L	-0.6566922725857133
T0P,M45I	-0.09863410393463537
E15D,Y50C	-0.9817024196404756
R19C,K36N	-0.09634067491395629
D7Y,F46L	-0.7016008333084588
I24T,D28N	-0.7712612247323288
F6I,F23I	-0.6807658252586034
V51D,V54L	-0.8100211838496443
E12K,G44C	-1.0163030058693057
Q11L,G17D	-0.15368792444905832
Q3H,D7N	-0.19280992407597303
D9V,G44D	-0.7166104697595099
F8L,N33S	-0.8625998590052257
D13V,D22N	-0.38161355513319084
I24N,C39Y	-0.872697930384358
L5P,D13E	-0.6580553556911806
H40L,M45T	-0.21168501039890175
R20W,N49K	-0.4927164828009398
A4G,N55Y	-0.32413897011377085
D22N,N29D	-0.2274848806757915
R19S,W34R	-0.7046398344773591
L16R,R48S	-0.5617026503679607
T0K,C39Y	-0.2396675463032783
D28V,M45T	-0.503722990867836
M27K,K36R	-0.13292746894423196
P47L,N49Y	-0.7338134681102834
D31V,M45T	-0.6896552968396683
V2A,F46C	-0.7557169945578901
L5F,V51I	-0.5053181060062015
W34M,G37R	-0.797225964978803
K36T,T43S	0.13146151872534664
T0A,D28H	-0.3813584316001619
D13N,R48C	-0.05275775093147462
E12Q,N49S	-0.4266790581536703
P10A,N55I	-0.13188188062976108
D31V,C39S	-0.7508042040354533
F18L,I24M	-0.6889166242696037
Q11R,F46L	-0.5871322586193503
E12G,D28V	-0.7037872599473645
R19L,C39R	-0.214947186764726
T0I,W34L	-0.6467852600293152
P47H,N55D	-0.6304924952051764
R19Y	-0.03706593487308199
I24M,V51D	-1.0698097969172413
Q3H,P47H	-0.7064628168521776
F18I,K36N	-0.3904318133740473
D13G,D22Y	-0.5236473577563666
D9E,E15A	-0.6230041748763864
F46S,T52N	-0.7448433059660089
Q3H,W34G	-0.7893128284858844
F23H	-0.07521499755085237
M27K,C39R	-0.2146698740946462
G17V,G41R	-0.3338117644141654
Q42H,G44V	-0.5969599086820448
W34S,N55D	-0.644876936590003
G17D,P53Q	-0.17969100880118014
G17R,D22H	-0.45752585046657157
V54M	-0.06292799183717084
G14R,W34L	-0.9271585723011087
R19A,F23I	-0.06023835011262871
S30P,N49S	-0.6495192147801129
D9E,P53S	0.015427978273452235
T0A,T43P	-0.4343013109957706
G21R,P47H	-0.7860531880050925
G44S,T52A	-0.6758389015095327
M27R,N49I	-0.43835483958358745
D7G,M27T	-0.23916606887327665
V2A,D13V	-0.19621153998199634
E15G,F46L	-0.8826882249323766
G17C,K36Q	-0.10130124545089998
L5F,K36I	-0.25638871006451647
T0S,P10T	-0.23295509490161648
A4D,N33I	-0.7773982847840377
F6L,N33I	-0.8346027731748229
D9E,M27T	0.08873812908170306
T0I,T43A	-0.11456234365362425
I24V,P32L	-0.22640065950510027
M27K,N55I	-0.17602919446340143
C39W,V54A	-0.5686918812420381
W34C,K36I	-0.5978159619564516
M27V,T43I	-0.021157888084754682
F6S,F46Y	-0.8810098116472049
D7E,M45K	-0.7441396802016513
N33Y,F46C	-0.7058889490116496
D22Y,G44D	-0.8507715144535792
R20Q,R48L	-0.0807080050826626
Q3R,N29T	-0.0756976921660045
T0K,E12G	-0.4521623721435883
R20W,P32H	-0.43711021070579065
D7A,W34R	-0.8468272080472518
W34R,C39W	-0.8603628177889855
P32H,G37R	-0.7012737474941231
T0R,I24N	-0.7761000334328404
R19C,Q42R	-0.10705794956800854
M27K,D31V	-0.7019395860431629
F8Y,N55K	-0.6399450212762456
Q42H,N55Y	-0.0545578386915732
F8L,V51L	-0.9023804039584027
G17S,D28V	-0.41261576838257324
F8C,H25Y	-0.638548844459811
A4V,G17S	-0.7139774089124526
P32L,N33Y	-0.16003811951324282
R19C,F23L	-0.06182755262545653
D13V,N33D	-0.15390031154315478
G17S,M45T	-0.1675783707214249
N29K,N55S	-0.10661597691322491
V2A,Q11H	-0.23060986480623125
Y1F,H40L	-0.11605327004831237
G14R,R19S	-0.5245341942274784
G37R,Y50H	-0.6468946195578922
V51G,N55H	-0.6083996276526851
Y1C,Q11R	-0.2071548376361578
F23L,N49S	-0.039982729681102294
D13N,Q42L	-0.14223319630762934
Y1F,N55S	-0.07131097715738177
P10R,N49S	-0.3364380230096987
W35C,P47L	-0.7869015715553584
W34L,H40P	-0.7636377056505266
F8L,P53T	-0.6828873955418621
R48H,N49I	-0.444552541775715
F18Y,R19S	-0.6414609958458877
D9N,F46Y	-0.4843205003635494
A4S,G41W	-0.5594607480480476
A4V,E15D	-1.067983434802695
F18I,F46I	-0.6915077141130165
R20Q,T52P	-0.6433235214706018
R20L,G44S	-0.7772754363403477
K36V	0.07056254338257564
F18L,R48C	-0.12842565042593307
L5R,F18Y	-0.7829864193739215
Q42L,M45K	-0.6916880447957524
M45V,V51D	-0.8202584797699304
V2D,T43N	-0.7519798860396807
D28E,T43S	-0.12852374578795428
F23C,C39S	-0.21267994748001048
C39Y,G44D	-0.8488531165579178
F8Y,Y50F	-0.7286832723380146
L16P,F18S	-0.9063657360975392
D7R	-0.3839839178930164
T0A,D9Y	-0.10340605024664162
N29I,W35C	-0.5714845462439178
D31G,T52I	-0.6847866055901405
L16P,H25L	-0.6381103407709372
D13E,G14V	-0.5730670234507873
N29D,K36Q	0.01266022472080459
P10D,A38S	-0.29785507875311096
R20G,M45I	-0.30390239250333506
D22H,G41W	-0.6336338630756301
G17D,R48L	-0.26932293519459916
F23C,N33Y	-0.1838506704959944
P32T,F46S	-0.7888870646563306
F8S,P10T	-0.8235458832123772
D28V,W35C	-0.7054006297939561
H40D,N49T	-0.15643494903159755
D13V,I24T	-0.7442039273618712
I24F,G44V	-0.8294590015997814
F18I,W35R	-0.8955992955514448
D31V,G37E	-0.8408621970806542
G41W,Y50F	-0.47435940038295715
T0A,L5I	-0.1146735286535667
N29K,W34S	-0.7144710746913441
F6C,F46S	-0.9804711168998312
L5I,F8Y	-0.7144303830555468
D9E,L16Q	-0.6832054557669336
D9G,G41S	-0.3121982022889166
D22V,G41E	-0.5963028466837813
G41L,T43S	-0.1272406887197014
G17D,R48N	-0.15326805765798607
H40Q,V54A	-0.2285799907727305
G14R,R48H	-0.6006104844333725
T0P,F46S	-0.5983471423101552
D22E,Y50N	-0.7707487879320233
D22E,F46S	-0.697812307932242
F8S,N49K	-0.9271717113345993
H40D,Y50F	-0.22327469351703375
D9Y,G14V	-0.5573601227698746
Y1N,W34R	-0.7370720721922409
L5F,F8S	-0.8483947987370801
F6Y,N33K	-0.5591155354934145
Q11H,I24N	-0.8486255946572965
G17S,M27I	-0.05645026130922221
N29K,T52I	-0.19031242130330128
P53S,V54M	-0.07316120231709942
D7G,H40N	-0.24904695460345536
S30T,P32T	-0.1494022506837006
Q11K,S30T	-0.08804021894310447
P10H,D13V	-0.47756997095126946
R19N	-0.07045755692777336
F23L,R48Q	0.01584866263620549
Q11R,D13G	-0.3490472795978109
T0A,G17D	-0.18938767128400272
H25R,H40N	0.021792280813337984
D7N,D31V	-0.7115836401534904
F23C,R48S	0.031237320788983537
F6I,H40D	-0.7787482984715552
G44A,N49D	-0.652574806426151
H25Q,N33T	-0.3038940656310412
R20Q,V51A	-0.16495555750754043
D28E,S30T	-0.1369358988102622
I24F,P53S	-0.6175886199065954
C39F,M45T	-0.2606707011348445
F6S,E15V	-0.9812442917936998
Q11H,R19S	-0.18895987477230122
R48S,N55S	0.0723038267862045
V2L,D22V	-0.7067768721882852
L16Q,V54L	-0.7751365456916413
R48H,P53H	-0.12301723925081853
P32S,M45L	0.007428301043961505
F8S,A38S	-0.7200751379808177
E15D,F18S	-1.0218062727868684
V26A,N49I	-0.7924216253570626
F8C,D13N	-0.7210201632083328
D7N,R20P	-0.5093892243909498
E12D,D22H	-0.6153761310848943
G21R,W34S	-0.7973980778106774
D22G,N49Y	-0.8173454897401398
D9V,Q42Y	-0.06425732016833194
G37E,R48H	-0.7198539451785613
D7N,N55I	-0.13629726186210397
I24F,Q42R	-0.5792174143386165
R20G,V51I	-0.3799594882336677
D13G,V51D	-0.8927230813170359
R20W,H25Q	-0.28213459711701483
N29Y,W34R	-0.7094298678934576
D7N,R48P	-0.42273388239006815
Q3N,F23L	-0.04172414970206413
Q11L,P47S	-0.49501272639504934
T0A,Y1N	-0.120440905742102
N33Y,N49Y	-0.4489761323943853
F8C,P53T	-0.6418777371124942
H40Q,R48S	0.059696585172809236
W34S,Y50C	-0.9195801170025372
F23Y,K36I	0.04690083737836312
F23C,V54L	-0.12410167766588776
H25R,P47A	-0.481665362052496
T43P,N49H	-0.5600222855280954
D9E,E12D	-0.1606888183897502
P10H,F46S	-0.8362950081178309
Q42H,P53S	-0.05510583726499961
T0R,D28V	-0.4295955992392014
I24V,A38V	-0.16066011550318116
T43A,G44C	-0.7500546990383921
D13E,R20P	-0.46134777097872826
N49Y,P53L	-0.3584906983425184
F8I,V54E	-0.7239851345553762
G17V,M27V	-0.16640600298148348
V54L,N55D	-0.02166233542439029
D7V,F8Y	-1.0221058648289478
R19P,I24N	-0.9229312714241873
A38V,R48L	-0.13720993120537184
D7V,H40N	-0.5643714844731413
A4T,D22Y	-0.7200694936834506
P10L,K36R	-0.4466620866658514
F6Y,P10A	-0.02580680929190577
D22A,C39Y	-0.3938901349879421
R19P,D28V	-0.7724823317493332
Q3L,G41E	-0.25100919253038756
L16Q,N29K	-0.7752675618377232
D7N,G14E	-0.19594007551411288
H40L,N49S	-0.15497049170133537
F6L,R19H	-0.6923527302867225
E12V,N55I	-0.46330554304470256
E12G,E15V	-0.9771130197731807
Q11R,D31E	-0.6759479294730424
G44D,Y50H	-0.6874892498731261
H25Q,Y50F	-0.1536711196014041
D31E,N55Y	-0.5088028908316673
F8Y,W35L	-0.8356119676098054
G41W,R48H	-0.44897053494107086
L5V,V26F	-0.6192612696021849
F8I,I24F	-0.9882085940944337
D31N,K36Y	-0.15467010670148898
D9G,G14R	-0.6091222330835276
T0S,N33S	-0.3071737530344513
F46S,N55K	-0.6672663091059842
H25N,P53L	-0.07636043496873865
Q42P,R48H	-0.6892016900115301
H40Y,V51I	-0.23686702395980247
I24S,G44V	-0.7229829987651055
I24V,N33S	-0.37566107121226955
V2G,C39S	-0.5620238996150568
D28V,V54E	-0.4144306066472292
W35C,K36N	-0.4728613539000864
Q11R,M45T	-0.3378163322236915
R20L,H40D	-0.24268918784161364
D9E,K36E	0.16211869849535743
D28N,W34R	-0.8087226862492403
C39W,F46I	-0.7285863094559694
F23I,T52A	0.012978083638943873
G41V,N55Y	-0.5485253585515041
D13G,C39F	-0.3106864858830909
I24F,R48C	-0.5260107934670386
T0R,A38T	-0.16910813475991193
Y50F,P53A	-0.23854673429159035
N29Y,N49D	-0.1500960587468529
V2A,P53L	-0.08672013565906403
L5I,Y50N	-0.7975488180082633
V2L,D7V	-0.803335792506917
Q3L,R20Q	-0.14922226615347173
G17V,T52Y	-0.24734569105361653
M27L,N49D	-0.01585261991663257
P32S,V51D	-0.8068235888700896
G14R,H40N	-0.49601524672884023
K36R,F46Y	-0.4764263232893795
D7E	-0.2796877052620921
R48P,V54A	-0.5131383892780322
Q11H,P47A	-0.6322256856203105
F18S,W35C	-0.8644320594441599
Y1N,N49I	-0.3689372847887159
F23I,P53L	0.005689506888000085
A4D,F18L	-0.7328832357103529
W35L,R48H	-0.41980950931338423
G41M,N55K	-0.20680831268837607
I24T,W34L	-0.8842584476677922
D9H,R48H	-0.27612161477200003
P32S,N55I	-0.1366595038395766
Y1C,A38P	-0.6817513683823964
G41E,M45K	-0.6605563406049157
E15D,G17S	-0.6714641700347382
G37R,G41V	-0.8645114454303666
F6I,M45T	-0.7314373890069313
T0R,D31V	-0.7529078010303056
H25Y,G44C	-0.7059923056890269
V2I,Q11L	-0.43091345416580135
L16P,S30P	-0.9749860101956214
D7G,Q42K	-0.3369429103478679
D13E,H25Q	-0.008998859892911461
M45T,P47H	-0.6077431686364568
D22Y,V54E	-0.4119151425412276
F23S,Y50F	-0.26322695824603215
F6N	-0.5126806042549814
D13G,R19L	-0.24793027172150386
H25Q,N49Y	-0.3413964049582039
L5F,N33K	-0.7309422130824668
S30P,H40P	-0.7932853403126455
F23S,H25Q	-0.1118050143059986
L5I,Q11K	-0.1568895881865198
G14V,R20P	-0.8958240623771742
Q11H,E15V	-0.8256142527482823
D28G,A38D	-0.3714825649423741
M27L,V54A	-0.13444155330068064
V26L,V54A	-0.23146519062373422
R19G,M27K	-0.25959490838327337
Y1C,D28Y	-0.4900901424928029
H25N,N33S	-0.3107638894642245
Q3K,S30L	-0.21305918486502484
S30T,H40K	-0.08851694701681971
G14V,R20L	-0.6696412596369689
G21D,P32H	-0.16383502764779512
D28E,A38D	-0.12752664535551692
W34S,Y50F	-0.7750687189745618
I24F,M45K	-0.9482779636703567
H25R,N33S	-0.29359353041999947
F23I	0.09837761179942194
D9Y,R20Q	-0.0830490583697956
D31N,G37R	-0.7283981140632578
I24M,P47T	-0.8900862975706811
L16Q,P32A	-0.7513098082079649
R19C,V54M	-0.09143843091803014
D7N,M27T	-0.03743750687313425
V26L,P32L	-0.17755561997180905
V2L,Q11R	-0.578191717460732
R19H,I24L	-0.22098902384406563
D22N,W35C	-0.5547962130227361
I24N,G41W	-0.8480097243233292
P10A,R48H	-0.17523505369522135
V26I,R48H	-0.1812531761843104
L16P,V51A	-0.7660291524777505
W34C,C39S	-0.7443185136386986
T0A,D9G	-0.20982056994658269
Y1F,D13G	-0.15937065188836175
I24V,V26L	-0.19131229877953762
F8V,Q42H	-0.7405728687959074
R20Q,W35C	-0.4057365705976368
F18S,G41A	-0.8613037094032822
Q3K,D28I	-0.3706372868851384
G21V,T52A	-0.5117476195892939
D9E,H25P	-0.44843341685404753
V2I,N49I	-0.7158157328088554
Q3L,N33Y	-0.22309097551294324
D22N,N29S	-0.22319391194113067
R19H,N29S	-0.01734167817865011
D13N,C39R	-0.2060200366009789
G14V,G41W	-0.7057364001742751
D13G,G14E	-0.3095208154459467
D7G,G14D	-0.19787597462680429
T0I,H40P	-0.495864036828529
R19S,R20Q	-0.005822729339415191
T0P,G21E	-0.33791190983692543
F6S,T43I	-0.6933337115969016
F6V,G41R	-0.7203658498870126
D7Y,I24M	-0.8139266046068419
W34R,N49D	-0.7181579817493049
R19S,M45I	-0.05753051972208076
R19H,V51I	-0.16688967616523603
G17S,H25R	-0.044306265567898864
D22G,M45L	-0.4637268645349967
F6S,M45V	-0.6865255450876975
R19H,D22N	-0.2770044405161899
H40P,R48C	-0.41422653600782344
G17C,G21V	-0.5855277984118235
A4V,I24V	-0.7409381095842449
F23S,Y50C	-0.6181056892455062
E12D,V26A	-0.7637992114541599
F23L,G37E	-0.6488356722889819
G17S,G21E	-0.4003351988745882
D31Y	-0.6331664379884233
G17D,P47L	-0.6190925384755128
F8L,V26D	-1.011356890558675
K36N,V54L	-0.05844101819167777
M27I,D31V	-0.6888083795335375
F18I,G41V	-0.7860869116922224
S30L,V51I	-0.38731394492213794
E15G,N55K	-0.699848030450777
N33D,H40L	-0.11272317718157178
F23L,P53Q	-0.0448703709472294
R19C,V54L	-0.0860352545515403
V2L,C39S	-0.4783162896602884
L16P,P32S	-0.7339807358509809
L16Q,W34R	-1.0023385485071523
K36Y,Y50F	-0.14890053462055478
T0R,F23I	-0.0950003976994222
F6S,T52S	-0.6519511085842218
V2H,F8Y	-0.8144186737051597
T43I,V51L	-0.6157491300498489
R19L,G44V	-0.6810328363042643
M45V,T52S	-0.07128145234315134
D7E,P32L	-0.24695476359962418
R19H,V51F	-0.6146077423127838
F6L,V54E	-0.6221592752430383
Q11R,R20P	-0.6284252245291186
N29K,D31Y	-0.637419494007964
E12Q,N49Y	-0.6696673769414563
D22H,S30T	-0.4125117712793486
T0A,G44V	-0.5866754074187462
E15D,D31Y	-0.9321011753092892
Q3H,V54S	-0.16512893372797133
H25L,G44S	-0.6325496008105393
G14V,A38P	-0.8921745647798563
V2A,N33Y	-0.16268715137552056
L16M,V51D	-0.9314924146305051
Q3R,D22G	-0.5765025268325473
M27K,K36E	0.022296510332522113
N29I,V54E	-0.22978919380483578
H25N,D28V	-0.4599023986499895
Q11M,N49K	-0.3839573759452694
P10H,M45V	-0.34907095821888523
N33S,V54L	-0.3234599181096373
D28C,G41V	-0.6907187635611692
T0S,P10L	-0.46655139870282053
V2F,H40R	-0.16164156964812132
G21R,N49K	-0.609707064122056
G21R,G41R	-0.546588652933539
N29S,N49D	-0.045484442911664966
L5I,F18Y	-0.6874415111395036
Y1S,G17R	-0.10997408245218579
Q11H,R19C	-0.23554893701715354
G21V,G41V	-0.8244230412320238
E12D,D22E	-0.27380184138869484
L16V,F23C	-0.33536475907857144
I24M,M45I	-0.600929340666895
T0I,L16R	-0.6562596940010755
R19C,I24V	-0.19584450018770588
Q3K,D22V	-0.489962522611098
A4S,F8I	-0.8195262051544313
D9V,Q11R	-0.2193251151320766
H40N,V51A	-0.13583904144768655
T0R,P32A	-0.1385203416313914
Q3R,D28V	-0.34394656699065523
L16M,D22Y	-0.6084361488738725
D28N,K36E	-0.05173563390041308
P10S,E12A	-0.5407404801363883
D22Y,H25Q	-0.3135485482098107
W35G,V51A	-0.7061835577918647
Q3E,V51L	-0.586966652361104
W35G,V54A	-0.7453504872174873
G14R,T43S	-0.5429976419518434
D22V,S30A	-0.6101065426802048
T0K,F6I	-0.7056719313527894
P32S,M45K	-0.6739808249114898
Q11E,R20L	-0.12743926444901268
T0P,L5I	-0.07108133586960944
D9A,R48S	0.0737215221073004
F8L,R19G	-0.7343085011419419
D13H,F23I	-0.10713641881618387
G17C,A38G	-0.08800699535482681
Y1N,N55S	-0.15885810573149373
I24N,V26D	-0.9920774498066496
L16Q,Y50F	-0.8509815924820842
M27R,S30P	-0.6903814374421222
D9N,D13N	-0.13577374451016894
D9Y,G17D	-0.21122020620404008
Q11R,C39Y	-0.40243833076345714
V2D,P53L	-0.7676108455381658
F23Y,I24F	-0.5849573759665327
D13V,C39R	-0.23614404591555016
N29K,W34L	-0.6920426372455404
D28A,N33I	-0.6001373103522563
P10S,F23I	-0.1718458353999261
P10R,G17V	-0.41198584038821845
H25Y,M45L	0.08472182342972565
M27L,P47I	-0.5439483546212789
N33D,P53S	-0.03914990825403554
Y1H,G41E	-0.14379558443312196
W34R,G44C	-0.9984035252664416
K36N,C39S	-0.18701097564127034
N49S,Y50H	-0.07613259146884574
D7Y,F46Y	-0.7463889947836619
D9V,E15K	-0.6902374192457865
A38V,N49Y	-0.4020404826832116
P10Q,D22E	-0.1856345019914385
V51A,V54M	-0.17736939967535575
D9S,D22E	-0.12153327704601001
F8V,Q11H	-0.8395947085226665
F6L,N49T	-0.7316442227496348
G37A,C39R	-0.5484490877317192
Y1N,N29D	-0.09159017717918497
D22Y,N49Y	-0.6248232656744712
N33I,G41R	-0.44921273917674837
H25R,D28Y	-0.4021145561730772
N33K,V54A	-0.6550256879084703
R20P,F46Y	-0.7758474489640214
M27I,C39R	-0.10697400288295325
K36R,N49Y	-0.35225154210393206
D31Y,G44C	-0.914078569820843
F46S,Y50F	-0.7806600799933113
E12K,N55S	-0.6202683623005776
M27I,N55T	-0.009191933269191245
V2A,W35L	-0.3629314586479667
H40R,F46L	-0.44550703929105445
F8I,N49I	-0.9558867073400682
E12D,C39Y	-0.4004497598011152
N29C	-0.04431213966062132
S30P,P47S	-0.8151197296249121
G17D,R48C	-0.10899940963609951
A38D,R48H	-0.12695019545075295
P32A,N49S	-0.07261850263968625
K36I,N55T	0.0763940699013036
N33S,P53T	-0.32302241641286544
I24M,F46V	-0.8545145782763965
Y1H,L16Q	-0.73914241703652
W35C,G44S	-0.883593400976088
Y1F,D7H	-0.2745209604465132
N33S,T43S	-0.31239905983428123
F6I,S30T	-0.7075315004680546
L16V,G44D	-0.8304181731161533
G44S,V54A	-0.8076344245465917
T43S,P47S	-0.5377326178300676
N33I,P53D	-0.3150351501500446
R20Q,N55I	-0.07369522200243994
D7G,Y50F	-0.41104525947807574
D13E,I24F	-0.5967247200196769
F6V,F18S	-0.9857132334769361
V2D,A38S	-0.7263444572783477
N33S,K36R	-0.3344564872290037
F18L,I24N	-0.84147930316089
N29Y,N49K	-0.40494675029018234
M27E	-0.0010409677526701552
A4V,R20Q	-0.6886482671268771
F18Y,D22A	-0.7177348323264409
F6I,A38D	-0.7201712723910826
E12V,Y50F	-0.5533870961964892
D9Y,F46S	-0.6914226140492354
F8V,W35C	-0.906351247215705
F18L,P47H	-0.7362674349286269
T0I,L16M	-0.2669459759990751
G41A,N49I	-0.5535846680490359
W34L,V54E	-0.6182226101509467
G14V,G44D	-1.050968624338173
D22N,V54L	-0.2567614356854847
R20Q,K36Q	0.017415092004616377
H40P,M45L	-0.4191431422916041
H40Q,Y50C	-0.6863354384817297
D22G,M45T	-0.642382022657976
D13Y,G17S	-0.21461959235835448
R20Q,N49K	-0.3142596845363172
W34L,G41E	-0.7232856922887012
H25L	0.046062945659166896
P32T,P47T	-0.6570442031561746
W35Y	-0.249115846164625
I24T,N29I	-0.7861363851299646
A4T,M27K	-0.5827406460984743
D9G,K36E	-0.06283278053390523
W34G,G44C	-0.9841054887812752
P10L,V26D	-0.8688447427592444
F8V,D13E	-0.7608529265986328
R19H,N49S	-0.05244854984242217
N33D,F46L	-0.3516380292170591
M45K,F46V	-0.8964931717720277
D22G,M45V	-0.6453924240425777
F18S,K36R	-0.7137224897812965
E12V,D28V	-0.7011121190626067
Y1F,Q11H	-0.18942775309156315
H25L,N49I	-0.2795124411982683
C39S,R48S	-0.0026872968000725243
M27V,F46I	-0.36568992295451286
H25Y,Q42R	-0.04110223839310356
H25L,F46I	-0.3265026683482826
T0R,Q3K	-0.150421028597489
D22Y,K36T	-0.1926513732278018
V26A,M27V	-0.541686949237623
N33Y,W35S	-0.5501211763716116
G14V,G21R	-0.7350800837824513
D13N,T43I	-0.12618927198009727
C39G	-0.38966592755271484
F6S,R19H	-0.655545046754193
N29I,N55K	-0.21172783037750342
E15D,C39S	-0.7188547460840224
E12A,D22V	-0.769020631086138
V2I	-0.5161596277106733
N33K,N55E	-0.5276247901009535
F18S,N33D	-0.675504389234345
D13G,G44D	-0.8602124867524701
R48S,V51D	-0.629799487031142
F18L,W34L	-0.7915697340283177
G21R,N33S	-0.5805649207516107
D13Y,M27T	-0.11891469284849193
D7N,T43S	-0.07676243168083532
K36R,N49I	-0.368186247900094
Q42E,T43S	-0.0554220383220711
F6L,W34C	-0.9454740853400769
F8Y,K36T	-0.47436138292697105
G17A,H25Q	-0.08000688983736821
A4S,H40N	-0.2198960155944024
T0A,V26L	-0.09836046395793001
G44R,N49Y	-0.8329469963844477
R48C,N55D	0.04271344444214552
E15A,A38D	-0.6726901071843407
E12V,G14V	-0.862631196161615
L16V,D31G	-0.7524317267878158
G21R,R48H	-0.4345178660019855
L5P,Q11H	-0.7970936641781203
D22E,N49K	-0.40452375480399644
Q3H,A4T	-0.6289211081137472
R19H,H40L	-0.12439747100681661
E12D,D28Y	-0.6298943325981998
L5P,Q42K	-0.7220661481339143
A4V,D28G	-0.86042476447707
Q11H,H40Q	-0.2711625134988727
G17C	-0.11838585618807826
M27K,N55T	-0.0883346344846639
F8Y,M45I	-0.6488220439250366
D13E,G41V	-0.4962556623143596
V26I,P32A	-0.08609960310101017
R20L,P47H	-0.7133157304040806
K36Q,P47H	-0.5918843400153788
F8S,I24M	-0.9653591768123976
E15G,D28G	-0.8266949462216499
M45K,V54E	-0.48450929266617326
W34L,V51A	-0.7420969131783666
Y1N,I24T	-0.7057421738492555
A4V,M45T	-0.7086954350050747
K36G,T43N	-0.21903145209602254
D13N,I24T	-0.7398128706267766
N29K,P53H	-0.08933401369955399
G17V,G41E	-0.26035132399378014
D31G,Y50F	-0.7084892858592283
I24F,P47H	-0.90739360871348
D28N,R48H	-0.2842152071139297
E15G,C39Y	-0.8340607558062758
N29I,V51I	-0.29251718910008045
F18I,G21A	-0.6058097215771205
N29Y,H40N	-0.11262367369583197
D9E,N33Y	-0.07222148512735863
R20Q,M45V	-0.04548276688958766
Q11L,P47T	-0.5300941006538664
N33I,M45T	-0.33304254986714293
L16M,A38D	-0.2852219049223473
K36Q,Y50F	-0.12121007053098126
F23C,R48L	-0.1629041540098889
M27I,R48C	0.04393255496113537
G17D,K36N	-0.20549999489563964
M27L,M45K	-0.605681433864641
H25N,A38T	-0.08127764791053665
F23I,P53T	-0.019949298581957473
N33I,P47T	-0.728371570188412
F23C,N49S	-0.15534765228390507
G14D,K36Q	0.0737652226954789
V2F,P32H	-0.14965091557584298
D7C	-0.36511940739298104
F18S,P32H	-0.7341739893659576
D9E,D31V	-0.6247869516637179
V2A,A38V	-0.12011721472816275
H25N,K36N	-0.10177756624534695
K36N,R48P	-0.4157716829185178
M27L,W35G	-0.5087909805583348
R19N,I24V	-0.19125038875976463
E15K,N29K	-0.7279619337194152
T0K,V54A	-0.18833358219265214
L5I,H40P	-0.5227462868348104
Q11H,V54E	-0.2524510299113154
Q3P,W34L	-0.7867334090695786
G21V,G37R	-0.7836896229408439
D13E,W34L	-0.6531755394870489
A38T,Q42L	-0.10705310400566033
I24N,V26I	-0.7762836961753445
D22G,N33D	-0.5706608694456805
F6Y,E12G	-0.4351477229655255
E12G,N29Y	-0.5307003067095599
R20Q,G41L	-0.12467005933361933
F8S,G44V	-0.9374118182244092
P10L,G17D	-0.6067381252111279
F18Y,G37R	-0.9853352971742007
I24F,N33I	-0.7325017884286537
Q11L,P47H	-0.5902765990902008
E15K,K36T	-0.5427449027018927
F23I,W34C	-0.6266978162991057
F23I,A38T	-0.00671576086470781
Q3T,Q11H	-0.2732933655272261
P47S,N49Y	-0.7431693458914947
G14R,F46I	-0.7669302841787559
F23L,Y50C	-0.6126165116645155
D28G,R48S	-0.24522868341511314
T0I,N33H	-0.02927627648085145
I24V,N49D	-0.14519686610884927
R19S,T52S	-0.02155210052903356
M45K,N55S	-0.6756915217715272
G17R,P32S	-0.14919091018444078
Y1N,V2D	-0.7744998876943011
M45L,Y50C	-0.5150956017138084
Q11H,R19N	-0.2263878653499829
A38S,Y50F	-0.15708840134118165
P10L,P53T	-0.5178574766843512
D9E,N55Y	0.014605924374894698
D22A,M27V	-0.1800101209285897
Q3K,M27L	0.003907265349808453
G44V,R48H	-0.6522614946359213
N29D,P47T	-0.5721037332610794
D22V,M45V	-0.5273849979068951
K36T,P53H	0.12068096857687201
D7V,R48C	-0.5694848695803367
F23L,G44S	-0.6872994899853977
D9N,T52I	-0.1711430405796729
T0P,M27T	0.0042910564153619945
E15D,G17D	-0.7458417385951674
H25Q,N55T	0.006561188900878274
E12D,I24L	-0.3933564975419643
G41E,T43S	-0.1308147017713461
D28Y,N55E	-0.40189750600582264
K36Q,N55Y	-0.026949537631490893
D13N,M45V	-0.15693297742320625
D31G,C39S	-0.6584649091008431
I24F,P53H	-0.5450415253952541
K36T,P47L	-0.3558701230476018
D7H,W35L	-0.5481595979424633
Y1I,D31G	-0.5271929763855958
E15G,N29Y	-0.7192759434467648
F23V,Y50F	-0.18406346792363137
D31V,K36I	-0.5921901814639051
F46I,T52I	-0.4985365273915052
E12V,R20Q	-0.4112856818429633
S30I,T52I	-0.25043972502915257
T0A,W35C	-0.4022077602564093
D22Y,T43S	-0.3602445635343614
T0S,F23W	-0.11628047194052869
D7E,D31Y	-0.6556323977251
A4S,H25Q	-0.20252721217336983
M27I,M45I	-0.047399651112600846
Q42E,V54M	-0.0846860252611131
V26F,N29I	-0.686853040324739
G41K,N49Y	-0.518222455722884
G41V,V51D	-1.0226513601638958
F6I,N49I	-0.9266403474392774
I24N,K36R	-0.7667257362628739
F8Y,N55T	-0.6340149015051114
G41V,P53L	-0.5073607014142316
D22V,G41W	-0.6941349841171279
M45V,F46Y	-0.5011232569254818
F6V,P32S	-0.6648512953130454
H40Q,R48H	-0.18457738087256664
V2F,D9E	-0.0291590097182367
Q3R,L16V	-0.20511239950649224
A4D,D13V	-0.7300890125462492
H25Q,G44D	-0.7420928285725832
G41W,P53H	-0.32117659149545846
D13V,D28Y	-0.5824195734070514
N29K,A38V	-0.10438839009826163
V26I,T52I	-0.1750978749375277
P32A,N33D	-0.009969400716662294
D9V,F18S	-0.6934516304766629
Y1N,L5F	-0.48719138473841667
G41V,N55T	-0.47830789276215796
V26I,S30P	-0.6649346341242101
M27K,F46S	-0.7006492216981632
T0R,H25Y	-0.11246916598594477
R20C,N33Y	-0.16161560299317998
Y1N,G44S	-0.7362764199996875
L16Q,N33H	-0.6807157052739796
E15G,H25N	-0.721416322676671
H25L,Y50S	-0.605856157323847
V26A,A38D	-0.5420444621014312
G17S,K36Y	-0.06849800613432584
H25Y,S30T	-0.02193477746764965
D28V,P47T	-0.7483757579429844
G21V,Q42R	-0.5680866113166982
F8I,R20H	-0.6587602026861047
G14E,F23Y	-0.17057463459724015
T0R,D9N	-0.1559527765745685
L16Q,N29D	-0.756164072687136
D31N,P47H	-0.6796636296439447
D7E,H40Y	-0.3097303511791261
L5F,D22V	-0.7194744702510163
E12V,V54E	-0.43237075856489976
V26L,P53H	-0.09049241452346055
G41W,M45T	-0.42031234681244856
Y1N,M45K	-0.6693362348479605
G41V,N55S	-0.5435288868584984
F6Y,T52A	-0.017552229861085858
V2F,P47T	-0.6019014925794117
D28E,S30L	-0.27528863663901304
W35G,M45V	-0.5974878285842105
H25Q,T43A	-0.10427273899204892
Q3H,H40L	-0.27431980850031085
E12V,M27K	-0.49457947057200574
Q42L,G44C	-0.7184730863634405
H25N,V51L	-0.6214325918186646
W34R,P47L	-0.9079291291869875
F8L,G14A	-0.8717120450226374
N33S,F46V	-0.7542162840540333
E15V,R48H	-0.7968530300389053
A4P,H25N	-0.66633469087079
D13V,G21V	-0.6702298994930886
R20P,V54L	-0.5017826207484319
L5I,Q42L	-0.12119702168661615
L16M,C39S	-0.3904369703038717
N33S,H40L	-0.4290134809814612
V26I,H40R	-0.14834488578008936
D9G,R19C	-0.2678924978111447
A4S,E12A	-0.5844056211420877
F8Y,F46I	-0.8833048941697736
M27I	0.010196597258724635
F18I,T52P	-0.8164054674542894
E15K,V26D	-0.9483638360935578
D13N,R48H	-0.21183166187934316
A38S,M45K	-0.6264010923933887
P10Y,M27V	-0.33981024559214684
G37E,V54L	-0.6702352022784013
W34G,M45T	-0.716129664673599
V2F,F23Y	-0.08378246659299304
H40Q,V51I	-0.21770956485575355
R19S,Q42K	-0.07256651648875839
D13G,Q42R	-0.21193481883713658
F8V,D9G	-0.7664306442937966
K36I,V51G	-0.4827040046638127
R20Q,V51G	-0.5656582994319806
H25P,T43N	-0.6149442934466066
L16T	-0.7511767794347829
D22E,K36Q	-0.04572131563928161
R20L,M45I	-0.21647286026505522
L5I,T43A	-0.17445698436991144
Q3K,D28V	-0.3906188505344306
Y1H,V54A	-0.17136102626745442
Y1I,N49Y	-0.2588764365226699
F6Y,N55D	-0.0057669003016545765
G14R,H40Q	-0.5841286177501075
G44D,N49T	-0.7997688925484545
D7A,C39R	-0.3641230695698129
T0I,V2D	-0.7432960760468938
R20W,V54A	-0.4257122652258947
R19S,H40R	-0.08670509455237159
W34S,F46S	-0.8692229949443281
P32H,N33D	-0.09348340383846074
E12D,N55Y	-0.21134788666309687
V2D,P47S	-0.9001058610999051
V2I,F46C	-0.9278508730506597
D7V,V26A	-0.918930226900491
V2G,Q3L	-0.5831814472885515
P10A,A38V	-0.1138414426691852
P10A,S30P	-0.6190629691862186
W35S,V54E	-0.5175342390570429
Q3L,I24M	-0.6643439269495561
T0I,D9A	-0.06925789810422922
P32T,M45I	-0.21019571904787276
T0L,M27I	0.03901377492498759
M27N,H40Q	-0.11703893965626984
M45T,N49I	-0.38719061707743646
E15G,I24V	-0.7277977884041555
W34C,P53S	-0.7185179576691122
Q3H,T43S	-0.14877593039020232
Q3R,D9G	-0.1814534204857441
N33I,C39W	-0.6478319463867349
F23S,V54A	-0.24481838799469446
D7V,V54E	-0.5970024547557258
D22E,H25R	-0.055763872690842216
H40R,Q42H	-0.12864082368637553
G44S,N49F	-0.7325944941757647
F23L,M45K	-0.6159311649382883
P10S,P53S	-0.2399996730491861
D13V,P32L	-0.2153955928703295
E12V,F18S	-0.9550887422532737
Q3L,G21E	-0.4723446155047199
D9E,N33H	0.02115704693775441
L5I,F23I	-0.05708567535416269
L16Q,F23Y	-0.7385777523772494
T0K,P53H	-0.038002604806295845
Q3K,Q11H	-0.24282793096945177
Q11E,H40R	-0.04732393379981238
F8S,C39Y	-0.8509749841591749
R19S,W34C	-0.666746512832509
N33D,W35C	-0.36625458209308026
A4T,R48S	-0.35016946000860716
E15D,N29S	-0.6461042520365039
Q42H,P47H	-0.6252364947397779
T43K,N55Y	-0.041471947948939034
V26I,C39H	-0.08413392377041984
P53T,N55D	-0.03249613862242892
F23Y,N29S	-0.025810894147527103
D22E,V54L	-0.08992524038770647
F6Y,R48C	0.051691378354470977
D9G,G41V	-0.6470197849934907
F23I,G41A	-0.2135009839226193
G21E,K36E	-0.2317995169158683
D28H,M45L	-0.3010134218131324
F8Y,K36I	-0.5608590756217284
P10S,H40Y	-0.30026936503791085
D9E,H25D	0.013256152793432523
G21V,F23S	-0.5811595660200477
N49D,T52S	-0.05433218868471792
R20P,I24N	-0.9633412798121699
F18L,H40N	-0.15398944384723362
D28E,P53S	-0.14718158241794427
H25N,P47R	-0.5413579079489138
I24T,M45T	-0.6776834820612873
I24N,H40L	-0.8172473513578475
E15V,P53H	-0.6877256871081857
G14V,S30P	-0.9169666775785883
H40Q,V51D	-0.8365577727936221
G17C,S30T	-0.1359150013936049
F6I,F18Y	-1.0180527021050259
D7Y,C39R	-0.5209771823778182
P10H,H40N	-0.27266568251072015
P53L,N55D	-0.014610688110879032
A4N,L16P	-0.8410789687746285
M27T,S30P	-0.513945400030775
F8L,G17S	-0.6868475982036853
T0A,V2I	-0.4478078474236947
T0P,R20Q	-0.018328183030472484
L16Q,Q42H	-0.7323818512646529
Q3K,M27I	-0.02474639925884385
I24M,F46I	-0.7735089540434773
T0P,V26D	-0.6367645338784308
P10S,P53H	-0.1961618202307039
Q3L,D7G	-0.42532808805814637
R20H,H25L	0.015578342299392825
F6L,N29D	-0.6809362540868272
D31G,T52N	-0.6419363996791037
G41W,Q42E	-0.37377375584314954
L16P,H25Y	-0.7125338979010337
D13V,H25Y	-0.1321136600354701
S30A,N55Y	-0.1618533977010724
D13G,F18S	-0.8077947654637723
D7N,L16P	-0.7161829353704774
F8Y,E15D	-0.8713236401479731
D13E,A38G	-0.04195608119353916
D31E,W35L	-0.6791792266035027
A4V,G44D	-1.0389023744171677
D22N,H40L	-0.3631064033787988
V26L,P47S	-0.5876275184089285
Q3P,D13V	-0.6813580177056056
E12G,H25L	-0.3789903796642599
N29I,W34C	-0.7995286452270085
F18S,G44C	-0.9932252733472872
E12G,L16Q	-0.9869199661860724
N33S,M45T	-0.33455399277469866
V54E,N55K	-0.11449921386509321
G14R,S30T	-0.5318906223021468
E12D,Q42K	-0.3180979683810416
Y1H,D13N	-0.10342970501189547
P32T,N55K	-0.15530502557715026
Q11K,G41S	-0.1656579799128401
P10S,D28G	-0.5725411052674318
G41E,R48L	-0.222822309493919
F23I,T43K	0.0038394647971201623
H25N,T43N	-0.14732195296077136
F8Y,M45V	-0.6622567112798625
Q3L,G44R	-0.7392473789899655
Q3R,F23I	0.05130117051327496
E12D,K36T	-0.006661108751874755
P32T,N55I	-0.1920003302056862
M45I,V51I	-0.19183398551235117
G17V,R19H	-0.1892854049750747
R20L,T52S	-0.179815988595302
E15G,P53L	-0.7129114308950519
Q42H,Y50F	-0.19952923868180297
V51D,T52S	-0.8020361628516611
Y1C,F6I	-0.7425194412864571
G21R,N33I	-0.5459263624649251
E12D,R20Q	-0.19547213211473907
E15D,I24V	-0.6623719672762537
D31E,H40Y	-0.6004517276691356
N33I,G41W	-0.5391700430824358
F8I,G41W	-0.8668478700427118
V2A,M45T	-0.16349987403873067
A38D,P47A	-0.46277513086502947
T43S,N55S	-0.09674982411556637
A38T,Q42H	-0.0834680038600683
D13N,G41W	-0.4447435428017721
E15V,D31G	-0.906452592558007
F8I,V51F	-0.9652530049945768
R19L,W34L	-0.7218907651722747
F23V,D28V	-0.3842098435300702
N33Y,N55Y	-0.17341986349345515
V26A,N33H	-0.533244961038291
F6Y,T52I	-0.15475761865956164
D31G,P53H	-0.5669320473620456
R20P,M45V	-0.5141625103770093
H40L,P53H	-0.13399071254854336
Q11H,K36R	-0.21662806845979551
H25Y,F46V	-0.4666516077277838
F23V,V54A	-0.19702600571544515
D13E,H40P	-0.48466458473553714
F8S,Q11K	-0.7555807848116005
F8S,Y50N	-1.024425811770767
T0A,D28V	-0.3832180453077062
E15G,A38S	-0.7086890708028333
G44V,N55S	-0.6845725291767524
H25N,G44C	-0.7219741426631167
R19P,K36I	-0.5408013309055718
D7Y,S30P	-0.798502281993977
F8L,Q42E	-0.6667552687637022
P10T,M45V	-0.2811174088983147
D7V,W34R	-0.930849248487105
L5Q,G41R	-0.3202040887226636
R20L,W35L	-0.4344573163331602
Y1H,P10L	-0.5087060262330535
K36T,G44V	-0.4198703814260116
Y50Q	-0.7193103593492973
T0S,E15V	-0.7171800560517935
D31N,C39R	-0.25781115443174835
A4T,H40Y	-0.6162484833680275
R20L,N33Y	-0.27735241426160634
F8L,Y50N	-1.0651011413834213
V2D,H25D	-0.7951014715212116
D13E,P32A	-0.02938115699213197
F8L,H25D	-0.6915102234445804
R19S,M45F	-0.03167155889484957
Q3L,A4T	-0.6183793524299085
A4V,G37E	-0.9633847875603561
G21E,N49D	-0.3863433495248727
P10L,W35L	-0.7088837920280298
H25Y,A38D	-0.02900330673850851
D9E,D28I	-0.2844840459464598
Q3H,G14E	-0.3262345202965482
V26G,R48S	-0.5250162401755516
E15D,D22V	-0.8712584252546927
F6L,P10L	-0.8925847843089559
H40R,P53H	-0.13960191412868583
F6Y,W34L	-0.6584062597016385
D22G,D31Y	-0.8366285869329909
F18L,P53S	-0.21713933541000144
K36Y,C39S	-0.16221469391627213
Y1L,D31V	-0.7255612057841951
E15D,D22Y	-0.7620913357006489
Q11L,V54A	-0.1110469563616629
E15K,A38D	-0.6947918177115807
V2I,V26A	-0.8238928899137984
N33I,Y50C	-0.7703775770480434
F6S,N49D	-0.6555035416130532
F18S,M45I	-0.7486970731971418
Y1N,T52N	-0.1738510117349869
R20W,M45T	-0.45565447510598756
E15V,M27L	-0.7023199925643314
R19L,N33D	-0.09818864605323174
E12V,M27T	-0.3966143528958009
N49K,N55D	-0.30802530584141263
T0S,F46L	-0.36940888338215405
E12D,F46Y	-0.6837726656350441
R19C,R48S	0.05841289989767649
D22H,F23L	-0.3455674563215754
M27L,W35R	-0.6654961925994247
N49S,T52A	-0.05130160988077548
V2D,F23I	-0.6715809607525954
L16V,R20Q	-0.23396686123713206
G17V,V54T	-0.10210210160479738
A38T,N55Y	-0.07774020383151699
G17D,F46L	-0.5218400016368054
Y1N,N49Y	-0.42435841602644
F23V,G44S	-0.7348154202313248
G37R,T43S	-0.6896218943658212
F8I,D9V	-0.7639846331570512
D13Y,W34L	-0.7334934817494875
D22Y,M45K	-0.7152764818153876
A4T,N55Y	-0.5302006903038008
F6S,D31Y	-0.9004021480895581
D9V,T43A	-0.10796455676983949
F18Y,D28G	-0.8310221994983296
Q3H,F18I	-0.4927539399291634
G17D,C39H	-0.19040300556672526
Q11L,T43N	-0.06208290350575392
M27K,N55S	-0.15366928653047363
Q3H,N55K	-0.18316668182282256
R20W,V51D	-0.8319667138995706
V26L,Q42L	-0.1384547506185658
V2G,R20Q	-0.46343222508731113
H25L,N33C	-0.23786290695722614
R20W,V26A	-0.7434309593393295
F18I,D28Y	-0.717096855147093
L5S,A38G	-0.18844367065597178
V2I,Q3P	-0.7568253698228782
C39Y,T52I	-0.3516783881220555
R19H,G37V	-0.5753494125394125
I24M,Q42H	-0.5746381503659973
E15G,H40N	-0.6774211855406884
Q3L,M27T	-0.11458460585981839
T0A,P53R	-0.1234458277345103
D13N,G41R	-0.3297426589157812
G37R,N55I	-0.7572894332025633
F18I,N29S	-0.3520993907746115
H25Q,S30P	-0.5611268502425224
V2G,S30L	-0.6294819709647006
V2F,F46C	-0.7439347154458552
L5H,P47L	-0.7254684185811315
D9N,A38N	-0.04367246400589142
L5H,P32T	-0.44762023105421544
F8S,E15V	-0.9795510234414482
V26G,M45L	-0.5734737633074527
Q11R,H40R	-0.2929298886457592
D13H,G44C	-0.7773887394197181
I24F,F46S	-0.9520252137993979
N49H,V54A	-0.32810334799268925
P10H,Q42L	-0.36955628840563975
Y1I,F18L	-0.12360543447016195
P32L,H40Q	-0.1554166510284823
V2F,N33D	-0.0627636507001163
H25Y,W35R	-0.7422233962588181
H25T,K36T	0.16084164742942422
D31V,G41E	-0.7292232746930296
L16Q,D22N	-0.8403629978952352
F23C,P32H	-0.1764747550578002
Q3M,P53H	-0.09098516160125748
Y50N,N55Y	-0.782831506169403
E12D,T43A	-0.3056388940085345
H25D,M27T	0.004212671946841873
F18I,P53S	-0.3647044198723498
L16P,P53H	-0.6796671147905309
E12V,W35C	-0.7363021278425732
Q3R,H25I	-0.0033103154237280226
D31Y,N49K	-0.835847906489387
Q3H,D31N	-0.2793660723660218
Q11H,V54Q	-0.2644814038514129
D22N,T43A	-0.3327553819441691
H40Y,M45T	-0.19760641300729365
G17V,M27I	-0.16323743846502672
H40R,G44S	-0.7602044414436367
D31G,Y50N	-0.9403486676591863
P10S,H25P	-0.7423066686785647
D28E,T52I	-0.2456938673209761
V26I,N33I	-0.34040149604080594
L5F,V51D	-0.9431728627207673
T0R,F8Y	-0.7004939462086837
M27I,P32A	-0.028136058221523444
G14A,N33D	-0.4005705726796369
D28N,N29I	-0.35539133395442146
F18S,Q42K	-0.7464898200950364
A4V,Q11R	-0.8569398885989671
F23I,K36I	0.09006112662106303
E15V,S30P	-0.9698540943573905
L5F,N29D	-0.36281262633707734
D7G,R19H	-0.33202853709413965
F6L,N55H	-0.6889238839624983
Q3K,R20Q	-0.03926308351246048
T0I,G21E	-0.31582064872665505
E12D,H25L	-0.1726092628002701
M27I,N49C	-0.13349921540997298
G14V,M45V	-0.6230522592802135
D9E,T52I	-0.08625025355987627
F23V,N55K	-0.08559124031012949
H40L,N49Y	-0.419983421344549
G17D,P47R	-0.6009167385420058
G14R,P47H	-0.9095047299152426
L5H,N55T	-0.3069337643174194
G14V,W35L	-0.7815607201540229
V26L,H40L	-0.20860951155674198
G17A,N29I	-0.27707747690947304
G17A,W34R	-0.7610741798331779
D13E,S30A	-0.13671808658266438
F8S,D28V	-0.8420664794099763
L5I,K36E	0.03277211242415307
E15D,F23S	-0.6564411820719945
L5H,R19S	-0.33103075510209357
G17C,P53H	-0.09423634452701982
H25N,P32S	-0.11687633799893919
G17D,F46V	-0.623116802160048
Y1H,T52I	-0.14696780821159833
F23I,G37R	-0.6773921765478154
G44C,P47A	-0.7854572493440498
D22H,T52I	-0.5044905149592108
C39Y,F46I	-0.6144093985336492
D22G,A38G	-0.5101663901610355
N29V,G44S	-0.723079708563049
H25R,Q42P	-0.6211733600134794
D9N,F46S	-0.7246485173453345
G17S,N29S	-0.06475324746935582
F8Y	-0.630587262681966
N33Y,P47L	-0.5904875468444496
L5H,M45V	-0.34620974019424944
D7V,R48H	-0.7012361492087679
R19H,D28N	-0.18926639502578488
V54E	-0.07799340543169142
N33D,A38G	-0.03602974384820248
D9H,V54L	-0.20733125640560768
F18Y,G21R	-0.810564484944919
D28Y,F46I	-0.6948947078595504
P10H,H40R	-0.40769397988341227
K36E,G41W	-0.2264580157847603
F23Y,N55M	-0.025193744108993485
H25N,R48H	-0.15193092172812572
D7E,I24M	-0.6962123183331084
L5I,F46C	-0.7970257845684977
P10T,H25N	-0.27434774935615175
V2G,P32S	-0.5123296096774416
M45K,Y50F	-0.7374103612849405
T0A,C39W	-0.47730660507842204
F8V,K36I	-0.6758004692121061
H25D,G44D	-0.7533936815240282
F6S,K36E	-0.5345742818180047
M27L,W35S	-0.43090629616327636
F8L,G21E	-0.8432783600477077
I24M,K36R	-0.5808379456432973
N29D,F46I	-0.3664040362919925
D9E,R20L	-0.08476598180582631
G21E,N55Y	-0.3600643024341676
G17S,N55Y	-0.09005706040240428
F18Y,V26A	-0.9209670605212945
M27I,N33I	-0.3073995951267886
N29D,Y50S	-0.6932346637084899
P32S,N33D	-0.061406155460265344
R20G,W35C	-0.6197164436965954
F6S,V54L	-0.6533837157120319
E12D,G44D	-0.8989026724358429
D22E,V54S	-0.10140117311906778
G44C,T52N	-0.7740557873509679
H25N,K36L	0.0014087792983982538
F6I,F8N	-0.9069013109316173
N33K,T52S	-0.5715465244134222
T0I,D31Y	-0.5719315609084189
G17D,P53A	-0.2308909611027667
H40L,Y50F	-0.27569134075730894
A38S,M45V	-0.0702294862634763
A4T,D28G	-0.7595350459534518
M27N,T43S	-0.06633193673768956
E12D,R48S	-0.06426139072869266
K36Q,N49D	-0.011118708016057958
P10R,N33S	-0.5176295432857865
G21E,C39Y	-0.5985827489852408
T0R,A38V	-0.1865926250223896
G17D,S30I	-0.26286246809810826
H25L,A38T	0.008704962193808959
R48F,N55K	-0.08210091374069695
I24T,D28E	-0.7120293649457722
G14V,W35G	-0.8940213422728408
D28V,V54L	-0.3829355030326249
D13E,F46V	-0.4866069681930951
V2L,F6Y	-0.3623427248001959
T43R,M45I	-0.10067638911980362
D7V,A38D	-0.6152536667497686
H25D,G44C	-0.7021348689254157
R19S,V51F	-0.5927795825866351
N29I,N49S	-0.23940262294097223
W34C,N49Y	-0.8199493909262469
V2I,F18S	-0.9238828752973868
G14I,K36T	-0.05957517224217754
Y1N,H25R	-0.08358327498496551
F23I,C39S	-0.09670969930622854
G17S,N49K	-0.38949843767588527
Q3H,G44S	-0.7771207546076033
I24S,V51A	-0.6701273352981889
A4D,H25L	-0.6155910720040758
D22E,H25P	-0.5860923228629151
Q42P,F46Y	-0.8878867385092932
M27I,P47T	-0.5627137446619338
T0R,M45V	-0.1729013031852111
T52I,P53L	-0.15960165040158653
N33I,R48L	-0.37457190440877464
H25Q,G41R	-0.1927284522992752
F8I,I24V	-0.7990298170511209
D22E,P53T	-0.09622634770995886
A38D,G44V	-0.5910981590528127
F8L,R19L	-0.754371404275585
H25L,V54M	-0.040173307206557644
Q3L,D22H	-0.5448138774668754
N33S	-0.3443080502416137
G14R,V51D	-1.0193011769197282
Q3M,T43I	-0.1483859545728524
G17C,P47H	-0.6828755393333218
M27V,G44S	-0.6993252629650707
A4S,R48S	-0.10016790060423311
D7G,C39R	-0.3999614549759586
G14D,T52I	-0.05922585743094447
T0S,N55Y	-0.05763703132869838
D22Y,M45L	-0.273642345407129
F18Y,D31Y	-0.8971646650057151
Q3L,D9N	-0.17522532066003904
F8L,D31N	-0.7013101761613038
P10R,F18Y	-0.8541267912584991
N33I,T43N	-0.3161817912271606
L16I,T43S	-0.17051751015382205
T0S,V2I	-0.4524141867975255
F6S,P53S	-0.6517974076796995
F18S,R20L	-0.7711684566855131
A38G,P53H	-0.01938772084203081
D7E,H25R	-0.17682782450847015
A4T,P10L	-0.7852052500500414
A4V,D13E	-0.671369169546717
D13G,G41R	-0.3852148911129696
F23I,H25Q	0.03059821681794428
P32T,H40N	-0.09536007810239688
D9L	-0.03692376079425072
D22E,M27T	-0.025908565588632717
P32H,W34L	-0.658682607338657
D22E,S30L	-0.25650962787308407
Q3R,Q11M	-0.06581442501399405
D13G,P47T	-0.6939722120803404
T0A,A4G	-0.2978135248308507
Q3K,E12V	-0.4748114757729084
K36R,T43A	-0.13775266996460672
M45T,T52S	-0.1321777883738742
F8L,D13A	-0.793017797903224
F46V,P53R	-0.5699864015071042
Q3L,G41W	-0.43981117362681416
D28V,D31Y	-0.7305228737434898
I24T,H25R	-0.6696703171378242
W35C,R48S	-0.2484581392825357
D7V,R19S	-0.6240647249964031
C39Y,M45L	-0.14081064128336718
F23S,K36I	-0.029357900324778474
Q42H,P47S	-0.5323769554496225
V26L,M27V	-0.07807860161699134
R20L,F46L	-0.5308322707458454
G14R,F23Y	-0.5350307512882414
H25R,G41E	-0.11009285998331372
D13N,Y50N	-0.832542053521198
C39S,N49S	-0.17923589524857164
R19L,H25T	-0.10157322699707719
R20W,V26G	-0.8077975513962408
G17C,G41R	-0.3177776309073206
T0S,E12A	-0.3739702641296333
A4V,D13G	-0.7960696545105397
D31G,F46I	-0.8129526839585506
D7V,G44C	-0.9534191452646837
F8A	-0.8079957731758418
Q3H,W34C	-0.7699183881088701
P32T,Y50F	-0.3026770516513505
R19H,M27V	-0.00659556075871943
P10L,F46I	-0.7137275534949502
F6I,N33S	-0.9061782131473511
D28G,V54G	-0.5092587893857323
M27R,V51D	-0.8781340606149166
H25D,H40R	-0.10146540460439925
M27R,W34L	-0.7270267424892567
F46I,Y50N	-0.8988560550917893
E15K,G41R	-0.785683434620484
Q11K,V26D	-0.7686719880619219
R20Q,G41R	-0.22688133140760833
F23I,N55S	-0.04140505729261678
G21R,F46V	-0.7081929220966581
F8I,N33Y	-0.7603743979352133
D13E,V54A	-0.14913439856738214
D13Y,R20Q	-0.15729244972057865
Y1F,L5I	-0.1012021717847908
R20Q,A38D	-0.027587159831342384
D31E,K36N	-0.4946326107966038
D13V,G37R	-0.79203405716262
P32S,N33K	-0.5537502337835607
H40D,N49D	-0.11833719217036127
D13V,P53S	-0.16354378719464308
V2F,G17C	-0.16285445029493897
F6I,F8L	-1.0169083460534685
F8Y,D13N	-0.7151424958460377
L5I,E12V	-0.5071580537851381
Q11K,G41W	-0.4052573653320587
N29T,V54G	-0.2693961676647689
R20Q,C39H	-0.05017420399487772
S30T,N33D	-0.009330702262906845
D7H	-0.2812172687904496
N33I,W35S	-0.6856892380855558
N33I,N55I	-0.3522979359557941
H40D,V51A	-0.23712473172884047
D9Y,R48L	-0.17506840277641172
G37E,G44S	-0.9139419779197664
T0S,N29T	-0.13004676160170614
T0V,N49Y	-0.2696033323758067
A4S,Q11R	-0.4595093450332995
P32A,K36I	0.05499412602703163
F6Y,N49I	-0.3237763319911174
C39R,M45T	-0.2328971792021476
D28E,M45L	-0.03988581279208727
Y1N,A4T	-0.6003311859529321
D22E,W34G	-0.7406282403092431
F23I,N33S	-0.25702372105251
D28Y,K36E	-0.3379135354020829
E15G,W34R	-0.9605148666015657
Q11K,H25N	-0.10898405856831396
P10T,K36N	-0.25750825854971826
Q11H,P53R	-0.2595462478208811
H25Q,N55I	-0.08015328598324521
A4S,N29Y	-0.34804965911372576
F8Y,N49Y	-0.9109320676665132
C39R,P53T	-0.13979260795120257
D13V,G14D	-0.09936771720620707
F6I,I24T	-1.007180476720263
Q3H,W35C	-0.55551195720117
I24T,M27L	-0.637402181594869
D13V,R20P	-0.5951131696954224
G17S,V51I	-0.17938584832849297
S30T,W35R	-0.7166915936693704
R20P,V51L	-0.8543451166025682
Q11H,F46C	-0.8398174331238958
D7V,D9N	-0.661787767625541
Q11R,S30P	-0.7447911107750959
V2L,C39R	-0.47980688847030406
G17C,N49S	-0.17381292178536398
L5H,T52I	-0.4320833647029365
Y1H,F6I	-0.7306908391704963
R19H,P32R	-0.16174620704104642
S30T,P47H	-0.631508722722132
V51D,P53S	-0.8031188233380113
D22E,H25Y	-0.06273834796045868
N29D,V51A	-0.1601471865952454
A38V,C39F	-0.2244954714437325
L16Q,M45I	-0.805749239913762
G41R,F46Y	-0.6710062643688284
Q11H,N49T	-0.2824123283590738
W35S,Q42L	-0.567456507312347
M45V,V54E	-0.12750414591596043
F8I,D22V	-0.9523999671528363
G17C,S30L	-0.31396719839802223
L5I,V26G	-0.7212602138929061
G21R,N33Y	-0.39308655874477244
F23I,P47L	-0.5028705519437111
N29K,H40R	-0.13864895237740177
L5F,V54L	-0.3614826750828522
F6V,N55I	-0.6870490423594016
L5H,R20L	-0.4902949673442497
M27T,W35R	-0.6809536101329714
A4G,H25Q	-0.25537864805765054
F6C,N55Y	-0.5009105944038996
A4S,G41E	-0.3637909838954725
R19S,M45S	-0.20050459914234953
S30T,M45T	-0.11576796778031007
L5H,V26A	-0.7323603269934835
D7N,D9E	-0.02790571436537606
K36R,M45K	-0.7016385714380059
K36I,T52P	-0.5518399438658964
D7N,E12G	-0.49992117936638014
Q11H,H25D	-0.21004296330615413
G41W,N49K	-0.5951467379949079
D9V,P47L	-0.5436302368871582
D28N,P53T	-0.19356514009668155
F8I,P10T	-0.8582401151792294
Q3R,N29K	-0.04024721583729787
R20L,P47T	-0.6615716074533372
D7N,N33Y	-0.17385987550027085
F8I,T52I	-0.8668354562126472
A4P,S30P	-0.917354803469949
P47L,N55S	-0.616877876599569
G17C,H25N	-0.1555140451334258
F8V,K36E	-0.6742344618248713
F8L,F46V	-0.9296125621599618
E12G,R48C	-0.37419837091569824
R20Q,N55T	-0.004586772129263821
R19S,A38G	-0.03115159445883218
F18I,G21V	-0.7579087513416091
P10T,M45L	-0.13020979853655396
H25D,N33I	-0.3289105409343518
Q3K,V26I	-0.0798295452030798
R20L,S30P	-0.7079394165405131
Y1F,A38D	-0.030394199643665992
M45I,V54A	-0.20764554001343327
D7A,V54L	-0.32486718431875944
D9V,L16Q	-0.7482397495809607
A38V,H40L	-0.16911919868370862
Q42R,T43A	-0.14788246723026716
N29I,W34S	-0.7389590283541838
E12D,N29S	-0.21838766948944863
F18I,I24M	-0.7799727867163769
G17C,V51G	-0.6282501576621358
A4S,M27T	-0.19726583832636368
M27I,M45R	-0.5052025498625436
A4V,K36N	-0.6678328386659582
P10L,G14R	-0.7932878032152674
L5I,P53S	-0.11019264664116114
H25Q,P53H	-0.03716789658301406
F6C,D28V	-0.7991995127265905
G17S,D28E	-0.168572510465258
M27L,P47L	-0.5028549531009943
I24N,N29I	-0.8471504431764475
N29S,H40R	-0.10055337984630133
D9E,E12V	-0.377588693805995
P32L,G41V	-0.5904004228655402
Q11H,N33T	-0.47346281083157576
R19L,P32H	-0.20557818649476303
M27S,N29D	0.012862253131518998
A38V,T52N	-0.17595402288739892
T0A,T52S	-0.05710894884069215
D13G,P32H	-0.28779744687906356
M27V,M45K	-0.6507658982138134
P10T,N33S	-0.48603059845318486
A4S,G14E	-0.4071493517886996
I24M,H40R	-0.6285985998070891
T0I,L16Q	-0.7104767936877329
N33I,H40Q	-0.38200648482297395
F6I,R48L	-0.7819036751469147
D13Y,H25N	-0.1859109165125481
L5F,Q11H	-0.5349282088712006
I24F,C39R	-0.6672584470060821
W34R,A38D	-0.6731330669441644
D7E,G21R	-0.5021607543175001
Q42R,Y50C	-0.6334673803449598
T0S,P32L	-0.08116452924030232
M27T,S30T	0.01888775617497948
G17S,W35L	-0.3278468248659139
S30A,G44D	-0.8399635917143122
F23I,G44V	-0.5985041146191699
L16Q,N55K	-0.73027819798095
H40Q,T43N	-0.16240407864272788
D31Y,W35C	-0.7956558834571297
L16Q,P53S	-0.755457650071404
N29Y,W34G	-0.7167577208434012
D28G,D31A	-0.7690565732393051
G21R,V51D	-0.9210845525758311
V2F,I24N	-0.7175513075736368
S30P,N55D	-0.5721347310384011
P32I,W34R	-0.7128111921615725
G17C,R20Q	-0.12463340263501697
V2L,R19S	-0.40738086715008326
L16M,P53L	-0.29400632440050956
F8L,N49D	-0.708286625327544
D9G,E12V	-0.5829502071809182
L16M,K36I	-0.1760942301404142
V26I,W35C	-0.47279788714078946
C39F,T43S	-0.18680819552253164
F6I,I24N	-1.0576325951675432
N33I,P47Q	-0.4613667913621783
Q11K,G17D	-0.23129713158594034
D7C,K36T	-0.07145203897098909
L16P,Y50F	-0.8099528490343146
N33T,C39R	-0.3845810154251322
I24S,W34L	-0.8033823931780368
P32L,C39F	-0.2421757206453088
A38D,M45T	-0.14705211198876267
D22N,N33Y	-0.3364313470160597
D9E,K36M	0.08575738961454299
Q3R,V54A	-0.14551231005002765
N33S,G41R	-0.4718299459833319
R48H	-0.12590815276986775
L16M,N49D	-0.3386329287188894
F6I,M27T	-0.6906943448654059
A4S,H25N	-0.24948285187881847
F8I,D31E	-0.9859279449538044
H40L,T43S	-0.13512395884902664
A38T,V54A	-0.1920729682832031
V26I	-0.06158332832811984
G41V,T52N	-0.6253824463730168
F18Y,W35R	-0.9927676254785445
F8I,V26A	-1.035284220074547
F8S,G17C	-0.7652220838601002
L5H,G44C	-0.8448267013263562
G14E,F46S	-0.7920053862469468
L5F,I24N	-0.8665675031552629
Q3P,N29Y	-0.631657217797124
I24N,W35G	-0.8964121401518421
H25L,N49C	-0.0950667221017904
F6Y,H40Y	-0.09358490088830619
Y1N,L5H	-0.4601820061053974
D22G,D28E	-0.6606637861982655
Y1F,G37R	-0.7048472326945063
G17C,R48L	-0.20341305910049223
R48H,V54Q	-0.2247734337470958
F46S,N55D	-0.6851804413458178
T0I,H40R	-0.09895334089357936
G14R,N29I	-0.65660961916132
T43I,V51I	-0.15869025394564354
F23S,N33D	-0.09229136215899357
D13G,Q42L	-0.19745034135480408
N29Y,K36R	-0.13495124086145785
M27L,D31Y	-0.5215377890946006
D9E,H40L	-0.0636113367666273
T0R,T43S	-0.1307199734201518
D7V,G21R	-0.7970871199723245
R48C,N49K	-0.284992703565801
Q11K,Y50H	-0.0752257586123162
H25Q,C39Y	-0.22193125282154003
H25S,S30T	-0.01622834115760469
S30P,Q42K	-0.6259097775570684
D22E,T52A	-0.049787493669450754
R19L,N33L	-0.24038009304165678
Y1N,G44V	-0.6421387467114371
F23V,W34R	-0.7567374496554082
W35C,P53T	-0.44430844385422724
A4D,M27T	-0.6303246076831757
G21E,N55D	-0.32008945661104404
Q11R,I24T	-0.8525361721988818
F23C,N49D	-0.1304589684356926
D9V,G17A	-0.07874676348343605
M27F	-0.037252295541743224
T0S,F8L	-0.6847432624507357
Q3L,P47H	-0.7195115220405257
R20G,V54A	-0.34906382899138466
D13Y,S30L	-0.3350974148628915
L5I,R20W	-0.39727012865455635
G21R,N55K	-0.30254180496267974
T0S,M45K	-0.6746543117804156
I24V,Q42L	-0.1629156487003895
D7V,F18I	-0.8474873656444251
L16P,R20L	-0.7460144390866318
F8I,R48P	-0.9782823471154609
D13V,M45F	-0.19585175563961635
D7N,N55D	-0.06738617068364969
S30T,D31V	-0.6828119639208293
N29Y,W35C	-0.5035391419640013
T0S,T52A	-0.027773892111514393
F18L,H25Q	-0.15775524642548117
Y1C,M45V	-0.10027366779528527
D28Y,T52S	-0.45897560907924556
N49D,T52I	-0.169820619543956
R19S,H40Y	-0.08889763888140184
D7E,R48H	-0.30622677053070646
R20P,F23V	-0.4713659751657713
A38V,Q42R	-0.10100115466434975
G21E,W35R	-0.8765268628548293
G44S,P53S	-0.7162724814043209
K36E,T52P	-0.5710157661889722
Y1C,P53L	-0.05779383475502958
D7E,G41E	-0.30499999431105385
F23C,D28Y	-0.525218584338345
R20L,Q42L	-0.18153361793699507
Q3M,N49S	-0.17979623094992703
D28V,A38T	-0.399384709484729
I24V,M27I	-0.09641281922791622
N29Y	-0.12349599608634067
G21R,G41A	-0.5658569212012461
H25L,G41D	-0.053408244018224874
Y1N,K36T	0.09104245220413788
N29T,Q42L	-0.16536959374201848
C39F,G41V	-0.6423254093845421
D9N,N33S	-0.33694662496866234
D7E,D28G	-0.5293239717178599
H40Q,G41V	-0.6093416510360852
Q11L,C39Y	-0.20118014359017222
D22V,F23L	-0.4125197502140941
V2D,Y50F	-0.8459957372935584
G17R,G44C	-0.716992102737779
D7G,F46V	-0.6759537201705206
G17V,F46L	-0.5190705331940724
G37R,H40R	-0.7905851993428836
P10S,P47S	-0.6738101743504825
Q3R,R19L	-0.09990066452661742
Y1F,D7G	-0.27639314142242577
D7G,L16Q	-0.8412944375601886
D28G,T52A	-0.38046305944785896
F23I,I24F	-0.49902534664449705
F8L,N33K	-0.9073165413403825
L5P,F6L	-0.9444128159906862
H25R,S30V	-0.15021713220802735
H40N,T52N	-0.09552018804679285
Q3K,D31E	-0.5005871255053762
A4T,R19C	-0.5546970307193788
V26I,G44D	-0.7427684809423998
V2A,G41W	-0.3747567587279944
S30P,V54E	-0.5749053631021549
Q11R,D13E	-0.20452766481742848
F6C,F46Y	-0.8672694369929579
T0I,A4G	-0.28622924585655507
T0K,F8S	-0.7151852143353283
R19P,M27L	-0.5947744939247441
A38G,F46Y	-0.44139840407736997
Y1F,L16I	-0.15333124329832712
F6C,H40Y	-0.6066947530695331
N29I,H40Y	-0.27464417257619345
H25L,P32A	-0.008605217349039067
S30L,A38V	-0.2727608278068263
P10H,I24V	-0.5214677422464228
A4D,M45V	-0.6937304750059644
G14A,H25N	-0.4331013261539398
W34S,H40L	-0.7035958362646353
E12V,E15D	-0.829381102593483
E12V,V51D	-1.067408306804181
R20G,M27L	-0.1835842353385962
G17A,R48C	-0.0402649744304273
M27I,D28H	-0.37652957470454484
V2F,K36R	-0.12218982905550345
D9N,P10T	-0.25564889493702186
P10H,E15D	-0.764468073917099
Y1H,R48C	0.028096751083068777
T0S,T43A	-0.11583621385821545
Y1H,D31V	-0.7110018267370559
T0L,S30T	0.04765258416435413
P10S,I24V	-0.3151929489102804
T52P,V54E	-0.6166727874674515
F6I,N49T	-0.7950440464024496
E15K,N49D	-0.7280127309999658
T0I,V26T	-0.4673715744229162
W35R,V51D	-1.1284459319371751
K36R,P47T	-0.5794993829259903
H25D,V51I	-0.16989380992502148
Q3K,N49K	-0.4040641859141689
V2I,P32L	-0.5043749896187442
A4P,V54A	-0.7624911557161502
N33I,Q42K	-0.38410593102620183
E12D,S30L	-0.3799507090511128
F8Y,P32S	-0.7022922622513165
L5F,G17D	-0.507498169311468
P32T,N49D	-0.17300485550882796
F18I,F23I	-0.2858423228233141
L5P,V51A	-0.7693214692328609
D28H,G41E	-0.5118871116834539
D13G,W34C	-0.7873575375278119
D13Y,I24M	-0.6465027013626661
E15G,I24T	-0.8961004508959144
D13G,H40N	-0.15376017873026704
C39F,T52I	-0.2937828037094483
D7E,F23Y	-0.1979267655205268
V51D,T52I	-0.8766834639957571
W35G,N49Y	-0.7604273805675871
W35L,P47H	-0.7978133983656501
D28N,T52I	-0.29432784946506796
R20M,P32H	-0.20239224019222643
D7V,D9G	-0.6885834099674428
M45K,P53R	-0.7228451663544264
P53L,N55K	-0.03636403352274624
R19H,A38S	-0.035581323571851856
N33D,T43I	0.015822671936915837
D13E,R48H	-0.12050593306893503
E12V,H40Q	-0.481754022960959
L5H,P10A	-0.3407921834989864
Q3P,N49Y	-0.773268317926159
D22E,M27L	-0.04469109211295444
A4V,D13V	-0.7660586308997289
V2F,H25T	-0.08860541597474415
F6V,K36I	-0.5543484075387108
R20P,D22E	-0.5453135910746324
E15V,H40N	-0.6965465670831222
F18Y,G41E	-0.7388216279656911
D28E,P53R	-0.17415575437543013
F18L,P47R	-0.6812281029337832
W34L,T52A	-0.6276746843428768
G37R,A38T	-0.7560869725792648
A4V,M45V	-0.7180654087315085
G44V,V54A	-0.7488764777697535
Q3L,F18I	-0.5009635617904894
R19H,P32S	-0.07987141456306104
E12Q,F23I	-0.3735768645772856
G21R,V26A	-0.7431527748423076
F18S,D31H	-0.7899253270052582
T0S,A38V	-0.09103955484188211
V51I,T52S	-0.144823571715169
Y1N,E12Q	-0.4833717697700016
M27I,H40N	0.026752677031957828
D9F,N49Y	-0.3702726352657054
K36T,P47T	-0.38804323001099716
R20G,R48L	-0.33762776759816165
C39S,T43K	-0.11355081417730616
F6I,V26A	-0.996358336939939
A4S,C39S	-0.3579279845968193
T0P,N29D	-0.03860707850137224
R20S,V26A	-0.6140075890201048
M27I,Q42H	-0.04067819213019258
P47S,R48L	-0.555675526624358
E12D,M27T	-0.17631411545698145
F18L,K36T	-0.019783875940309496
D28G,M45K	-0.7722970475105017
A4G,L5F	-0.5706821377682171
Y50F,T52S	-0.18022492971717963
F6I,P10H	-0.8484582519291097
P10R,V54G	-0.41395583870282127
G17S,P32L	-0.13440184996962112
Q11H,F23S	-0.2525909280213104
V2L,R48C	-0.347639833894962
P47L,V51I	-0.6352918682395998
S30T,A38D	-0.041951933365863496
R48S,P53S	0.08659056705263281
H25Q,N33I	-0.3041415885135263
Y1H,R19H	-0.02195584772476395
D22E,M45K	-0.6697428165085194
D31N,G41A	-0.3880927113724341
C39Y,Q42K	-0.28346209150347423
Q3L,A38T	-0.19258126650592805
R19C,T52I	-0.2092867418014553
V2L,M27I	-0.35402484190854555
L16M,N49Y	-0.6239601986357757
D9V,T43S	-0.027314915118369906
W34C,F46Y	-0.8825824423920876
F18I,P53H	-0.32115066597971476
E12D,N33S	-0.5086817725020083
D7V,C39F	-0.7410882633029978
D7N,F8S	-0.7306856189724413
D13Y,N33K	-0.6317312195483753
T0I,F8V	-0.7465199941071913
G44S	-0.8073922551625207
G17C,G44C	-0.7478898919177228
D31Y,T43K	-0.5122322417970182
D7E,D13E	-0.20596542133434817
D22N,Y50F	-0.3612414542391819
F6Y,F8S	-0.7043394622571503
E15D,H40Q	-0.6722916557538108
G17D,T43N	-0.26673122064205557
H25Q,P32H	-0.10372354424531435
R20W,F23Y	-0.3406014214334837
R20W,C39S	-0.4950838465127543
E12V,D31Y	-0.8833704412718986
G14V,D28V	-0.7748647096927584
D13A,T43P	-0.5105803397025971
R20P,C39R	-0.6139461755583062
V2I,N49S	-0.46642343745323595
P32H,G44R	-0.6621304310042223
D13V,N55S	-0.20760039622716295
A38D,N55I	-0.0906973710507395
E12K,S30L	-0.638217712632217
R19N,W34R	-0.7319284561425522
G21E,F23Y	-0.31179617577794533
G17V,C39R	-0.26046568603165654
S30T,C39F	-0.17237133144604874
D7N,G14R	-0.5554988776149956
A4T,N55I	-0.5762240401786204
W35L,Q42K	-0.3550226299196122
M45I,N49Y	-0.40252350712081786
F46L,P47H	-0.8231137335267886
M27V,C39F	-0.16688250357909232
E12D,G14V	-0.7468345121239977
D31N,F46L	-0.4959823512069399
Y1H,F6S	-0.6194676142520427
A38G,G44S	-0.5529296897964202
V2I,F46I	-0.7248867543720393
Y1H,Y50C	-0.627651602140428
F8S,Q42K	-0.7594728084824137
P32L,M45I	-0.1488471163867064
V26E	-0.5578662573780737
D7H,H25N	-0.3076948434669142
D13H,N49I	-0.43913828118291054
D13E,T43A	-0.10808299804337757
G17S,F23L	-0.055522248066298234
Q3L,F23C	-0.20951875187945987
M27T,M45T	-0.09745981681682744
L5P,H40N	-0.6114714820407207
P10L,H25L	-0.36098574715997195
Q11L,N33T	-0.252156008366349
W35G,H40R	-0.6659572994572092
Q3K,V26L	-0.09193993322572741
S30T,T43N	-0.08987252181662747
E15D,G41E	-0.6914687336929455
G41A,P47H	-0.7966288393564822
D7G,D28Y	-0.6309865482415647
Y1I,H40N	0.09529253260981135
D7Y,N55S	-0.4844641426390779
Q3R,M27I	0.01711981591381767
K36I,H40Y	-0.009611172928083703
D9S,V54A	-0.2278930307725417
G14R,K36N	-0.5062410190952611
D9N,G17D	-0.17468002889359402
M45L,Y50H	0.0635932202118739
G21E,P53T	-0.37093862495074204
P32H,N33Y	-0.16576139217144503
P10H,C39W	-0.6806592909407011
Q11R,L16M	-0.4927232229687469
D9Y,F23L	-0.08414399393442829
F6I,V54M	-0.7166161097646454
K36I,N55S	0.017764020753018462
W34C,H40N	-0.6442850795006485
F8V,H25R	-0.7466385349033635
I24V,N49I	-0.41834448378583977
N29V	-0.07764134754140603
D22V,N29K	-0.5015542859239834
Q11H,V26F	-0.677581530483831
Q3R,L5F	-0.3545990633181696
Y1F,R20L	-0.14668347501529277
D7E,F8C	-0.7290718333688495
K36N,P53T	-0.07039653426498693
T0A,F23V	-0.09367920642989111
R48C,N49H	-0.13033398373293253
D22H,G41R	-0.6043496713826054
H25V,V54G	-0.20450950757869346
M45K,N49Y	-0.7396001409011898
T43R	-0.006533214830671923
F6L,R20Q	-0.6690909368480783
G44C,F46I	-0.8443245229861993
E15G,G44C	-0.9904306694515649
D9V,D31G	-0.5751518724515478
G17D,A38G	-0.13733454018813723
D9E,T52A	0.052411476861924725
F18L,N33D	-0.16780477105572228
D13G,D31G	-0.7219110115597115
V26I,H40K	-0.1414397098739562
G14V,R20W	-0.7038230770443712
D13V,P47S	-0.6157227123949032
I24T,N55D	-0.6872703347086759
F23S,H25R	-0.10205629222900035
V2A,S30L	-0.2929878976158272
N49K,V54E	-0.31001572320236076
P10S,F18Y	-0.7863977368706427
T0P,N49K	-0.3149026010105638
V2F,P10H	-0.40620432154534136
G17C,R19S	-0.12170001711141969
N29Y,H40R	-0.21961847337588714
H25L,A38D	0.0016746591251148926
H25Q,N29S	-0.022196562715329746
N29Y,G44C	-0.7425740361424882
Q3R,D22V	-0.43721062799992216
A4P,D22L	-0.7412413482171889
Q11L,W35G	-0.5589401996454302
G14E,P53T	-0.18418285637020237
F6V,N49D	-0.6454437134493156
A4P,D22E	-0.634601343635602
V2D,G17D	-0.7969872684995402
D7G,R19S	-0.3053095315818036
D9N,V54M	-0.09436085119035709
V26F,D28Y	-0.7298581265671966
T0A,N29R	-0.03853633343269858
I24N,W35C	-0.9204137626386055
N29D,R48S	0.11831574980251433
M27V,H40Y	-0.0924163492744987
R20S,N49K	-0.3638559540602952
D7N,T52I	-0.19416162542955404
R19S,P53T	-0.03676776759297192
A4S,T52N	-0.34121097070953943
S30T,P47R	-0.5508370969975348
E12R,R19L	-0.392780024667051
E12G,E15K	-0.9599208605796958
Q3K,S30T	-0.05506252686295239
S30L,P47H	-0.7437447710857186
Q42L,N49H	-0.2224801120112131
F46I,V54A	-0.5644041090324546
K36T,Q42H	0.1243204298554855
D7E,E15D	-0.7701273597532998
G37E,C39R	-0.7088368147304811
L5H,T43I	-0.3400051793843269
L5F,V26A	-0.7760192543718178
D13E,M27L	0.0029278433863000886
V26D,K36N	-0.7134338492455963
G41E,N49D	-0.1688671556453603
D22N,F46S	-0.7832301649868052
D7V,R20M	-0.6438558518197184
A4D,R20L	-0.7152134504266316
G17D,Y50H	-0.11676775941612433
V26D,N33F	-0.7433713035328028
T0I,N55H	-0.07643420882684851
N29S,T52N	-0.11778464237508174
F6I,W35C	-0.9005596966208463
T0A,F6V	-0.6639286420090947
M27I,W35L	-0.28372685387809543
G44S,P53L	-0.696139457795053
D13E,D22N	-0.2276209505108557
G17S	-0.07172347540080923
F18S,N55Q	-0.6865055780994741
H25L,H40R	-0.04494450928795697
G14E,G44A	-0.7716383704992509
C39Y,V54T	-0.19984246974951703
M27K,T43N	-0.17036858542558903
D22N,F46L	-0.5720472488695512
F8Y,R48S	-0.4794165557501551
V2A,N49Y	-0.40249036286587747
A4G,K36Y	-0.2909767632060656
H25L,V54L	-0.009404282954277608
D22N,P32T	-0.40626710275977546
R19P,M27K	-0.6996992356320086
A4T,P32L	-0.540599321117635
H25Q,D28G	-0.35875097737749817
M27N,K36Q	-0.030591190870669305
W35S,N55Y	-0.5255795397199592
A4D,L16M	-0.7708580137249867
K36I,Y50N	-0.7173264727721175
D9N,D22G	-0.6151346960192885
D22G,N49S	-0.6408956388535624
T0A,F6S	-0.6470053454650222
D28N,P47H	-0.7289829541926139
M27I,N33Y	-0.1273793237869274
H40F,F46L	-0.44923704515416285
C39W,N55I	-0.5331780259487137
V2I,Q11K	-0.504416423243973
Y1H,Q3L	-0.1532920726552852
F6Y,P53T	-0.04966491885934017
Q3P,N33Y	-0.6149543538953514
Q11R,V26F	-0.7178179151639376
N33I,T52I	-0.42393334820553535
P32H,A38P	-0.659068326532214
P10S	-0.2401535587080283
H40Q,M45S	-0.26751244602448143
L16P,N33Y	-0.7102315980765613
H40R,T43A	-0.19357126902529528
E15V,I24V	-0.7502800589249379
G17S,C39F	-0.21556325317781797
G14R,M45K	-0.9157624615292508
D31G,Q42R	-0.6189240161706057
H25L,C39Y	-0.19527953298922038
M27T,R48H	-0.06914725809368655
F6L,D13N	-0.7440342300364959
F6S,R20W	-0.7760955270955616
Q3E,M45K	-0.632284827767613
D7H,F46Y	-0.6191487589472601
F8L,A38T	-0.6894969607497325
T0P,V54E	-0.11745405900590046
I24N,G44V	-0.8197093901384408
F18L,G44R	-0.7811859604268153
D28E,P47H	-0.6533117881426624
C39R,T52N	-0.22415562799254754
L5F,H25Y	-0.34156581905935357
Q11R,H40N	-0.18116587926549807
V26N,C39R	-0.5194115911316984
G41W,P53S	-0.35994616787351114
E12D,Y50N	-0.9151060272797759
I24N,N49T	-0.7901138142219204
K36T,Y50F	0.04070714565408606
E12V,N49I	-0.6833608517898808
M27K,H40L	-0.18037694471106602
G17A,M27T	-0.04178838624282886
D31G,K36I	-0.4904542102733697
R19C,V26F	-0.5865628808678873
D13N,A38T	-0.15234644674598946
D9N,D28N	-0.22018087015010396
H40P,G44D	-0.835677045266894
G21R,S30T	-0.3481214244942937
Q3K,D22H	-0.4147415431646007
F6C,F8L	-0.9759316954285882
T52A,N55Y	-0.029962236655081607
D22Y,G41R	-0.553290476351175
L5P,D13V	-0.757007419869638
D13N,Y50H	-0.10861849679781987
F6Y,T43N	-0.1127828047185141
V2L,N33I	-0.5832115960144073
Y1H,N55S	-0.09005960111643267
P10S,M45L	-0.11681156795089553
I24V,V26D	-0.7915173038525447
P32L,H40D	-0.17503374421814688
H25R,W35C	-0.38637318243486984
W35C,C39S	-0.5256030675372825
Q3E,D22V	-0.5212661005209425
P10A,R20P	-0.5127235220197776
F8Y,G17S	-0.6834051441165347
T0K,R20Q	-0.026502803471851872
A4S,N29S	-0.23828158644955583
P32H,G44V	-0.5893885572205889
D22N,N49K	-0.5308187294601092
D7V,H40Y	-0.7115457560250285
H25L,T52N	-0.09336474211264353
D9G,N49D	-0.2328253061098913
M27K,N55K	-0.11928117041387983
V2P	-0.66563576394791
T43A,V51I	-0.21228484681198595
T0S,P32H	-0.10549276993417142
M27V,N49I	-0.3379218314737101
N29K,H40L	-0.16765875814524966
Y1F,V54A	-0.15726279090006043
D22N,D28G	-0.6116355321539304
I24M,N49K	-0.7920986050688441
V2I,A38V	-0.5071491188746109
N29K,F46L	-0.3982517854513942
G37E,N55S	-0.7494165888535979
L16Q,R48L	-0.7608499519966099
C39W,N49I	-0.7000319876339018
R48H,V51L	-0.6319957375526938
V2A,C39Y	-0.2894294131404212
F18S,S30T	-0.7052658601698834
R19H,N33H	-0.04477291755291471
H25Q,T52I	-0.13311939728628067
A4P,L16P	-0.9266965778190102
M27L,Q42E	-0.03643996848681569
S30P,D31G	-0.8540156090416144
F8I,P32H	-0.7427179996975617
D28E	-0.1560762804968147
D22G,I24T	-0.86515383590809
Q3R,D22E	-0.05034912444746049
L5H,F23S	-0.4187470368061905
M27K,D31G	-0.5925152590093103
P10A,G44D	-0.7702899572245234
N29K,H40N	-0.02525646166056339
N33V,V54L	-0.18095025110857507
S30L,T52A	-0.18529056276632744
F8S,L16V	-0.8244054628321928
G17D,N29S	-0.17052682835329366
I24V,F46Y	-0.5950500410008641
D9E,R48N	0.08842939023895595
T0I,G44D	-0.7285293425622014
P47T,N55D	-0.5755171134676629
W35Y,G41R	-0.40193928103564
F8I,K36I	-0.6955652616303489
A4D,Q42H	-0.6241056265930167
Q11L,V51I	-0.09442319365432227
Q3L,R48S	-0.015648592331327323
T0S,V26A	-0.5682075018541292
K36T,G41R	-0.03150561513729995
G41R,P53R	-0.3067731397496354
Q3K,M45I	-0.07423182818109039
T0I,P47Q	-0.2763600721591445
F18S,A38D	-0.6814387416242365
T52S,P53H	-0.02639567022776005
I24V,V54E	-0.2585334378964906
L16P,V26A	-0.9313896799791983
K36I,H40R	0.008192640297418789
K36E,Q42Y	0.06275570891048497
Q11H,G14E	-0.330688178140872
K36Q,H40D	-0.07287684358856894
E12D,P53H	-0.24472614926492048
D22E,V26I	-0.0955296858035636
E12V,G17R	-0.49059094219209354
E12D,A38G	-0.22422936322072204
D7E,F18Y	-0.7518148944356098
T0A,Q11E	0.01009089008884042
T43P,R48P	-0.7245229504875357
P32H,V54M	-0.11535734468279785
N33D,V54E	-0.0924579048733776
T0I,Q42K	-0.08938094609556754
D28V,G44D	-0.9016110314864674
F6Y,C39Y	-0.21234734188179544
D9E,M45E	0.010790290403650302
Q11L,T52N	-0.08867500739471552
D7Y,T52A	-0.4234185742850624
F8Y,P10T	-0.8029743323087217
V26A,G44S	-0.9543131404159606
D7G,V26D	-0.8212737599760289
T0S,M27T	-0.0013213268396272456
Q11L	0.02981222188513743
F23L,M45I	-0.03512794916346999
G17F,A38V	-0.2960347805482526
S30T,N49D	-0.04782697554029747
P10S,R19L	-0.30760653184823405
L5P,N49I	-0.8786928001081509
T0S,Q11V	-0.09099415814975702
Q11L,N49I	-0.2798073159494309
L5H,W35C	-0.6509134338141896
T0P,W35Y	-0.16140883929275598
T0I,R20W	-0.3247446380387352
H25N,W34S	-0.6938598782493531
D13Y,P47H	-0.7092124349283064
W34S,V51A	-0.7099511322964867
S30A,M45T	-0.2207853486493696
G44V,N49S	-0.6389693723364747
W35R,G41E	-0.7607123935733581
W34S,A38S	-0.64934592317663
Y1H,D31N	-0.15428780488756483
Q3L,V54E	-0.1611751234060331
D9G,N55D	-0.21129264051912838
V2D,V51F	-0.9656863873745704
N49D,V54M	-0.07889085387314321
N29I,M45I	-0.2660999178416169
G44D,F46I	-0.8650327769515931
N33I,N55Y	-0.3174219737007749
D7G,L16V	-0.5684125029636201
D9G,W35C	-0.5649628544022393
W34G,M45L	-0.6542596992439369
D13Y,H25R	-0.1517833389958076
H40R,N49I	-0.41158676701676494
W34R,P53S	-0.7473455302238534
D13V,N55F	-0.14437743616209087
A38D,V51A	-0.17110563414489846
D22N,N49D	-0.2901543586279877
N29I,Y50C	-0.7561027307621281
M27T,S30A	-0.09142039872243
V2D,D22H	-0.8926504444704546
P10T,E15V	-0.8087698269758667
M27L,A38S	0.020585437189665816
V2A,Y50C	-0.6469974318166429
F23L,C39Y	-0.21068220827682338
F18Y,N49I	-0.8452873352831529
R20W,I24T	-0.7610775188552634
F23S,Q42L	-0.13395321111105774
E15G,A38V	-0.7632131060175227
A4V,L16V	-0.8106177900242623
V2A,F8Y	-0.679034110080638
Q11R,R19C	-0.2487930043133421
N33Y,K36I	-0.044897154452219944
E15K,D31N	-0.7217177587480805
A4S,R19C	-0.29633320236200267
Q3K,L16Q	-0.7692339490397381
D7V,H40Q	-0.6874513598014864
Y1C,M27I	-0.028778597823125668
V26L,G41W	-0.42344439007733403
N33D,P47Q	-0.25449101614003644
T0A,G44D	-0.7484498257705172
D31N,N33S	-0.3861084657309564
L5H,E15G	-0.808601432280029
H25Y,N55Y	-0.043774862308114754
D22Y,N33D	-0.353125954387439
K36M,R48C	0.06871918093490532
M27V,G44D	-0.7443985941128755
D13Y,A38G	-0.14793496707194584
Q11K,M27I	-0.07920789476351656
D9V,P32L	-0.08037020870959638
P10A,V54A	-0.21208899819756794
F8Y,G17D	-0.7719389061831543
D9N,P10R	-0.3103791220428892
H25Q,A38T	-0.019429550722550745
G17C,V26L	-0.20295055186811928
V2I,N29E	-0.4658130675877305
D9N,G44V	-0.609656354295402
Q11R,N33V	-0.3608826583316894
G17S,R20Q	-0.06176590077660119
G44C,N55S	-0.7675765957816645
A38V,Q42H	-0.0969592753138309
D9V,N33I	-0.302332229581861
D7T,D13G	-0.40534983470467256
F23L,Q42K	-0.04019080756964885
F6P,F23I	-0.616048886703531
Y1H,P53A	-0.08785848696038101
M27V,D31V	-0.7036971024767177
R20P,V54M	-0.5195631162896579
D7V,F23L	-0.5501306160491822
F6Y,I24N	-0.7192673614740475
G37R,Q42L	-0.7362956404810315
F23I,R48S	0.16249839834498986
G14A,F23S	-0.4231307204336815
Q3H,D22H	-0.5597877525044135
K36T,H40R	0.10828765967348347
D9Y,N55K	-0.1415275408999274
G37E,G41E	-0.7033040780726729
P47T,N49K	-0.7750509656037674
F23I,V54E	-0.07456208607688886
L16M,R48L	-0.3541268037665906
D7E,N33S	-0.4732711049681131
I24N,A38P	-0.8690885458097551
A38S,C39F	-0.18136803238461555
H25Q,G44A	-0.6005431769272931
A38V,N55H	-0.11131090135528482
Y1F,W35G	-0.5947890375870188
L5H,F6S	-0.7777861738119173
F8S,A38G	-0.6084037843959625
F18L,F23C	-0.3003264080362958
D9Y,D28V	-0.43469948716119156
Y50N,N55D	-0.7553784776103087
Q42H,V54M	-0.06699371508706782
L16P,W35G	-0.8705655390477129
A4D,V54A	-0.7871363195283423
E12G,T52S	-0.4591491323649018
T0P,K36R	-0.046857752534307996
D31V,R48C	-0.6282920221228625
W34L,N55S	-0.7127848327033893
F18Y,R48C	-0.5577296305306233
M27R,M45V	-0.20039388508446923
C39R,T43S	-0.1345737565699932
H25L,V51I	-0.10471892514411357
A38S,N55I	-0.09545310131839443
R19H,V26A	-0.5967832510908575
P10T,K36I	-0.14876599987156747
C39F,P53L	-0.1906405367678465
Q11H,M27T	-0.1531728558399319
T0S,T43S	-0.041678289104331544
P32S,P53S	-0.09342103218535769
L5H,D31V	-0.8387490220471522
T0S,L5V	-0.11695369911357266
E15G,Y50F	-0.7666946554614126
P32T,N33H	-0.12555393431104017
L5I,L16P	-0.7436134093951932
V26A,G37R	-0.9689272227163237
A4T,R20P	-0.8108929738440608
T0P,F18I	-0.3302535029829312
F6L,P47H	-0.9832503655715481
M27K,Q42R	-0.14105714424861415
T0R,W34R	-0.7434496533865238
H25Q,Q42K	-0.05550636481079189
F23I,Q42K	-0.012988553282456086
K36N,M45I	-0.12962425917126671
Q11K,R48S	0.04877975268923159
F23I,P47R	-0.5354766868164506
L5I,P32L	-0.14499898053165722
I24T,H40P	-0.776971082813534
D7Y,N49S	-0.4619945573690962
L16M,M45K	-0.8045027772561198
A4D,P32L	-0.6337365775682442
R19C	-0.06778585131574612
F23I,W35G	-0.5181319155217132
C39R,M45V	-0.21974205243999445
S30L,K36R	-0.21085294978110097
R19H,M45T	-0.11875699740591003
G14A,F46Y	-0.7583036830003352
V51A,T52I	-0.2810335794433883
P32A,C39Y	-0.2686374127545278
E15Y	-0.6486456185195622
F8S,H40L	-0.8024327311212858
F8L,A38S	-0.6621908423476265
A4V,D13N	-0.78230326893865
P32A,W34L	-0.6585220217615451
G21E,M45L	-0.22885649606387104
D7G,K36R	-0.2942378951996038
D9G,P10H	-0.4859627689733382
Y1N,C39R	-0.19443690891673854
R19H,G44C	-0.7260529877093198
G41E,N49T	-0.2047457159543563
F18L,F46V	-0.6600861809785925
F23C	-0.1036247343748861
D9N,F23S	-0.12770313408729972
G21I,F23L	-0.49836002966641013
P10S,R48L	-0.2928404404446684
M27A,M45I	-0.2056293162064063
Y1C,F8L	-0.6573444004604181
Q3L,D31E	-0.6030975699106695
F18L,V26D	-0.8261441397804975
M45T,T52N	-0.2124348161443441
T0S,N33Y	-0.12752006967010737
V26A,G44V	-0.8707576535701111
A4P,G44S	-0.922115915900749
D7E,H25N	-0.22573043966101353
V26A,P53H	-0.5198794369687949
Q11H,M27L	-0.17117283124049668
Y1N,D28V	-0.4821876429706753
E12G,P47T	-0.8576617405032605
D9Y,R19C	-0.11586145709342015
Q11L,D22V	-0.46690346780565656
C39R,R48C	-0.06340354101192439
F46Y,Y50F	-0.6089748927726603
D9V,T52N	-0.12418194524373583
I24V,M45I	-0.1638237232370594
A38S,Q42E	-0.07976119564432567
N33D,A38V	-0.03594180254123805
D9H,N49Y	-0.48751313855644185
D9N,D13Y	-0.1953032280998706
E12D,N49D	-0.21769314484082966
R19G,S30T	-0.16218907603364563
P10T,D31Y	-0.6880196376525836
R48C,P53S	0.013322320527283112
Y1R,F23I	-0.007075953427849543
Y1H,F18S	-0.7089078791748756
E15G,N49K	-0.8892573804233983
F6L,D7N	-0.6852615369310873
A4V,L16P	-0.9923358769331467
F6I,V51A	-0.797636129477254
I24V,M45V	-0.15401737279885241
E15D,Y50N	-1.0849788058767909
D31N,P53Q	-0.15937811983993644
V2I,E15G	-0.8499334911704639
N33K,N49K	-0.7754777903463372
D13N,K36I	-0.02226880529901271
H25Y,H40Y	-0.07929610453226177
D28E,M45K	-0.6716540292480887
V2D,E15V	-0.9940092883028163
V2N	-0.4742268599054126
F46S,P53T	-0.7399665570207387
E12V,V54L	-0.45687808091631366
D28G,T52S	-0.4209687435628815
G17C,P32H	-0.20647242868304147
P32A,A38T	-0.07498597592518164
F6Y,P10S	-0.19571187580243732
H40L,Y50D	-0.551358937597995
E12D,C39R	-0.3545857700998577
A4D,M45T	-0.6597466204486733
D9E,P10S	-0.15995574009809782
W35L,Y50H	-0.2644022889300893
K36I,N55I	0.007219345763595871
R48N,N55Y	-0.0032303310481832798
E12G,G21E	-0.6708407999793227
D28G,G41R	-0.560601225579445
A4G,F46L	-0.5453274891533991
Q11L,F46S	-0.6569362840742574
N29H,S30L	-0.25459505989112574
G21V,H40P	-0.6995791646817524
P32A,M45T	-0.14247457976684857
V2A,T43S	-0.0682138150612155
G41R,F46I	-0.6062025838652015
L16M,A38V	-0.3091187210264462
N29K	-0.053942742752685055
F6C,V54M	-0.4923603107257547
A4V,M45L	-0.593824600483414
Y1N,D22E	-0.1425995835200472
D22Y,M27V	-0.3332640373213956
V2A,M27T	-0.03463883145543395
D28Y,V51D	-0.9328855023413545
F18I,F46C	-0.8865230813877059
Y1N,P10R	-0.34805677247063393
V51A,V54L	-0.19471132104756378
F18V,F23L	-0.4823611924421983
Q3H,V26I	-0.21781778705867627
G14R,L16P	-0.967135725604486
F6S,P10T	-0.7372882290913962
A4T,V51A	-0.642131637641652
Q3R,H25R	0.007039849896921593
L16P,T43N	-0.7014938732144593
P10L,C39S	-0.583519442597779
A38G,T52P	-0.5807725667223815
Q3L,G14V	-0.6650313022258272
E15V,P53L	-0.7306833337123848
F8V,P32H	-0.7345618239321561
A4V,G21R	-0.8359554788397815
G14E,K36I	-0.06653067503129059
F8Y,K36N	-0.6540121394829348
G14E,Y50N	-0.8517628841391407
E15V,H25Y	-0.7495168946177195
F6V,N49Y	-0.8030397861980783
V2L,L5H	-0.6133342668709515
Q11K,D22E	-0.14353550173760043
D9Y,F23S	-0.15329043604636755
D28Y,N49D	-0.46155068940242655
G21E,H40N	-0.27898690763226486
D13V,K36T	0.020989189356457535
P47H,P53H	-0.6122296917146454
G17C,Q42E	-0.16652782701912378
Q3P,F6L	-0.886155243303808
Q11H,G21D	-0.22489918456432784
M27V,N29D	-0.000687657454238306
F6S,V51A	-0.7294872906511711
F6I,D31Y	-0.9374335584746527
P47S,R48S	-0.3940527512265287
E12V,G41A	-0.5968422655057362
S30T,P53I	-0.025681619084596992
N29Y,G41W	-0.39665006787362167
D28Y,P53L	-0.44694955816017523
V26I,H40Q	-0.13040250284301155
F6Y,A38P	-0.6892795178470416
L16M,H40Q	-0.37218384619727335
D7N,R48H	-0.17733044968307365
I24T,K36E	-0.6199745718718813
F6N,C39R	-0.5291900875543208
D13N,G44D	-0.8071323006056148
F6L,N29S	-0.6698329867067935
M27A,N29I	-0.2995200504429816
T0I,P32Y	-0.2553574757368522
R20P,K36R	-0.47391763075409704
G14V,S30L	-0.6302903387814699
Q3R,P32S	-0.06784143999794408
F8S,K36T	-0.5486253094068502
E12A,S30T	-0.3771188359002634
D31N,N49K	-0.43361538968319524
D7E,D13N	-0.3067032396232946
D13E,A38V	-0.06705314234510049
E15V,H40Y	-0.7800488472970575
D22N,A38S	-0.22943991937831976
D22Y,V54A	-0.5236702564688579
F8V,P53Y	-0.7395668077961733
D7E,V54M	-0.2213312063536617
D9G,F46V	-0.6066681115594177
V54K	-0.14301583187311617
G41R,V51F	-0.7182869815922694
G41V,P47S	-0.7761373249471994
D9S,I24N	-0.7730785860628052
F46V,P47S	-0.8029161476012414
P47S,N49S	-0.5400773373644094
F23V,H40Q	-0.11292988979373705
N49S,P53H	-0.0858580214716744
E15G,D31V	-0.9552198719846918
V26I,N29S	-0.06898711386942569
D13Y,F18I	-0.497091277028333
G14V,G41V	-0.872526048150603
G17S,N55S	-0.11936305188961653
R19S,I24F	-0.5910198337153582
P10R,G17S	-0.31415614334330316
F6I,E15K	-1.002562355517059
P32T,P47L	-0.6476917691440482
L16V,K36N	-0.284016830842332
D13V,Y50H	-0.116559756651234
F18M,H40R	-0.3584953141155643
R19L,H25N	-0.13086930722814188
L16P,P32A	-0.7185038514457636
Q3M,T43S	-0.12809007796938562
R19P,K36N	-0.6349837477911658
T0I,V26D	-0.707709442056078
Q42H,G44Y	-0.46673640996800625
T0A,P10T	-0.2443100895945739
R19S,F23Y	-0.02516189654511962
D31Y,V54M	-0.5950151475963696
F6L,I24M	-0.970169647062787
D13G,M27I	-0.1477994321920869
D9E,N29I	-0.13368563396474858
R19H,W34G	-0.7006777272491758
L16M,T52I	-0.3744856127780211
H25Y,V26I	-0.06888030274396387
K36I,F46Y	-0.3917638199017214
N29D,T43K	-0.02631432442659698
D7N,W35L	-0.35009614665919614
E12D,H40D	-0.2822707588884179
F23S,T52N	-0.20560639742971568
G14D,P53S	0.016160106433465736
N33D,W35L	-0.2605565875481761
Q3L,L16V	-0.3531776961677654
D7G,A38D	-0.2770328378539286
S30R,Y50F	-0.1852264389440863
G14R,P32S	-0.5626870495644323
G41V,G44D	-0.9629373191996924
F23Y,P47T	-0.5619704187933318
L16M,G37R	-0.827840256963007
K36R,T43I	-0.04826456243647047
V2A,A38S	-0.08747660999723686
A4P,Q11L	-0.5820319037127307
F6Y,R19S	-0.006891557619656137
M27I,P47H	-0.6428487844316354
P32L,N33H	-0.07304754984642327
T0I,N49T	-0.12264964973841123
D31V,G37R	-0.8930186316272309
G21E,V51D	-0.9399942648792642
R20P,S30P	-0.9141565462475866
I24M,G44C	-0.9792172877494634
G41W,N49S	-0.3566242403099046
G37R,F46L	-0.8804638767242253
F6Y,R19L	-0.0937758989834014
I24F,R48H	-0.6882428772598049
G17V,N49K	-0.48222144771913633
W34R,F46S	-0.9349153201945583
T0A,M27T	-0.0036373333531372516
D7N,N33G	-0.2782834186154498
S30T,N55T	-0.0239561616056748
M27T,T52P	-0.6376492144976317
T0P,N49I	-0.2886995712122684
A4T,Y50C	-0.8993208733840281
L5F,S30T	-0.38183069225420035
F23Y,D28N	-0.17732710373646882
F6S,G41V	-0.8851202212074479
T0A,D13V	-0.15706132417678756
R19L,M45T	-0.19973962865048578
V26F,P53H	-0.5098747951278622
D28N,R48C	-0.10563425170369514
V26I,P47H	-0.672323023135297
R19S,V26I	-0.06242909003557043
T43S,R48S	0.09350754376257883
Y1H,Q42H	-0.03967664541500808
H25N,V51I	-0.16839903879376378
L5I,N33Y	-0.1743955989845748
I24F,V26I	-0.6252449800829858
D28I	-0.40445172261088164
H25N,A38V	-0.11263824568702165
E15G,D22E	-0.7058024529218496
F23I,D28V	-0.29252735111756567
H25Q,G44V	-0.6015305576745469
L5R,Q11H	-0.34596640960992386
D22Y,N29I	-0.5211117051489189
L16P,A38G	-0.5861624488570176
D22N,D31E	-0.5729399593708966
G17V,N29I	-0.33770528953943024
E15D,N49I	-0.8567638686817063
K36T,A38T	0.13488082458644646
M27R,K36R	-0.1555993780095782
Y1C,P10L	-0.5383216638949538
W35L,M45V	-0.3286632799542677
F23V,M27V	-0.04784102749566692
D22Y,W34S	-0.7384798645067547
V26D,G44C	-0.987605140920236
R19C,Y50S	-0.6842296388517711
K36I,A38P	-0.5611243886970881
F6I,G17S	-0.7504984298538029
N33Y,W34G	-0.7107279170875576
Q11R,I24V	-0.3337260040019916
F6C,D22E	-0.4949762478468501
E15D,R48C	-0.5415941883869191
A4T,G44D	-0.9833287474834514
F6S,D31V	-0.9807224248656077
Q3E,G41R	-0.20908079583050873
D13N,T43S	-0.1149585624617531
G17V,Q42H	-0.1771833537769047
P32G	-0.17857178091945225
M27N,N55D	-0.05974493695717459
F23S,T43A	-0.1926239046330217
A38V,T52A	-0.05445494189335591
D7V	-0.6286896088285236
F8Y,I24V	-0.710983966046733
E12D,F23S	-0.2956996344682276
G21E,M45I	-0.36737270664098187
V2F,W35G	-0.6386403379293768
L16Q,T43I	-0.7899157756804185
D7V,R20L	-0.7251180863533169
K36R,C39R	-0.16791746815091554
D31N,F46S	-0.734805210286524
G41V,Y50H	-0.5101437477087556
D7A,D13G	-0.46898452237882754
P10H,E15K	-0.8224965551892408
F8L,H25Q	-0.6803639165374525
G14L,F18L	-0.49348925592610143
F23Y,V54G	-0.18630768479509127
Q11L,V54T	0.07400162156681249
H25Q,F46L	-0.35772946963372687
N33S,Q42H	-0.3196938609807833
E15D,W35L	-0.7795724524990595
G17V,N49D	-0.21164155251251152
A4V,G41R	-0.8036694501666806
Q3H,L5I	-0.20066991780610127
V2D,F8L	-1.0340306250672635
D28G,H40L	-0.4924603511005158
L5P,H40L	-0.7392218485472746
Y1I	0.08546611985507298
I24V	-0.1486929487724603
Q3R,A4G	-0.23043434119006173
F46L,Y50R	-0.7370475464389796
W34L,G41W	-0.7652298420893309
M27T,R48C	0.07486831129924239
F23V,I24T	-0.671899742954703
F6I,A38T	-0.7457709241857446
Q3K,N29T	-0.11435155973049083
F18Y	-0.6978288799498946
G14V,T43S	-0.595465953597911
Q11E,H25L	0.059193961347365306
L5R,I24V	-0.31955304499603665
V26I,P53T	-0.08882932942737294
F18R,P53T	-0.6696734675361391
D9Y,M27T	-0.06537523515001323
F18I,G21E	-0.7074637691621604
P47T,N49I	-0.7627418080692729
S30L,N55K	-0.2039555494439583
F18Y,I24V	-0.7103536739288296
I24M,G41W	-0.7529454504521781
D9V,C39F	-0.18253354614496936
D7N,F23V	-0.10802766478138481
H25Q,N29K	-0.04168014856040415
F6S,V51L	-0.8826181816250496
F6L,F8L	-0.9869564997300011
W35L	-0.32891917508858637
P32F,P53L	-0.3223753566302686
F23L,Q42P	-0.5843853060717505
N33Y,W34S	-0.636693739987549
P10Y,A38T	-0.3830455297237718
H40D,N49I	-0.40365770322188566
M27V,G44N	-0.5476925519297999
N49H,N55Y	-0.23566096813162246
F18S,N55D	-0.6779046082548024
F23C,D28V	-0.46614299914222673
A4S,D28E	-0.33460394186756437
D22E,M27F	-0.10082798820524018
I24N,S30T	-0.7333575339399785
F8S,P53T	-0.7602376478801751
A4V,T52I	-0.7657756301329481
F8S,I24F	-0.9439174157186214
G17V,W35C	-0.5234834806999196
F6I,I24F	-0.9866578596016355
F23V,F46S	-0.7115712849676403
L5V,H25N	-0.13472220207536592
D9V,W35C	-0.3957636703604136
M27V,T43P	-0.41886412474201656
D13V,F23S	-0.21922680627757532
D7G,N29T	-0.3551522281449308
N49Y,N55K	-0.35884414836931067
T0S,Y1S	-0.07006176961663943
Y1C,V51A	-0.20824848640597085
D22V,M27I	-0.4245468554952285
M27I,F46I	-0.3486751064459411
G21R,A38G	-0.31313796162017693
E12G,F23L	-0.44076136804610444
F8S,N29T	-0.783163958397824
Q11H,N29Y	-0.2822791923141854
D9N,V26D	-0.7425591868880357
D31V,K36E	-0.5875151440754902
P32L,A38T	-0.12314927479703754
F6T	-0.5365195298139745
D7G,P32T	-0.435117690887088
Q42K,G44V	-0.6624397503675699
V26I,D28V	-0.47609614315373666
A4S,F8L	-0.7706981781569151
M27V,T52N	-0.11336089405148153
D28V,H40L	-0.48196668523931174
R19N,V26I	-0.12254476918255847
T0I,G21R	-0.3255123592546806
V2D,W34L	-0.9868117502044367
T0A,G17S	-0.08182666056562266
W35R,F46V	-0.9234310939594632
F6Y,Q11K	-0.08247614851624127
D9G,L16Q	-0.7738437297033444
P10L,L16P	-0.835461198541822
F6C,S30P	-0.9546507918828095
Y1N,N33Y	-0.196771885197204
I24M,H25D	-0.5684291434753994
I24N,F46C	-1.01305038958214
D28G,D31G	-0.7396233305909925
D13Y,W35L	-0.4075471869068948
F23V,A38T	-0.06936711624970257
D7N,V26F	-0.5791866483890241
